prompt_id,category,expected_category,prompt_type,mode,selected_mode,generated_text,estimated_saved_percent,expensive_model_calls,similarity_to_expensive,jaccard_to_expensive,repeated_3gram_rate,repeated_4gram_rate
easy_001,easy,easy,general,adaptive_calibrated,,"

A frase é: ""O que é a água é uma frase que é uma frase que é uma fr",46.25,6,0.45517241379310347,0.5,0.23529411764705882,0.1875
easy_001,easy,easy,general,adaptive_guarded_v3,,"

A frase é: ""O que é a água é uma frase que é uma frase que é uma fr",46.25,6,0.45517241379310347,0.5,0.23529411764705882,0.1875
easy_001,easy,easy,general,speculative_adaptive,,"

A frase é: ""O que é a água?""

A frase é: ""O que é a águ",34.21875000000001,6,0.48120300751879697,0.4166666666666667,0.35714285714285715,0.3076923076923077
easy_001,easy,easy,general,hybrid,adaptive_calibrated,"

A frase é: ""O que é a água é uma frase que é uma frase que é uma fr",46.25,6,0.45517241379310347,0.5,0.23529411764705882,0.1875
easy_002,easy,easy,general,adaptive_calibrated,,"

Para que seja mais claro, achou que você está em uma frase que você está usando",21.250000000000004,14,0.48717948717948717,0.041666666666666664,0.07142857142857142,0.0
easy_002,easy,easy,general,adaptive_guarded_v3,,"

Para que seja mais claro, achou que você está em uma frase que você está usando",21.250000000000004,14,0.48717948717948717,0.041666666666666664,0.07142857142857142,0.0
easy_002,easy,easy,general,speculative_adaptive,,"

A frase é: ""A frase é um exemplo de uma frase que serve uma chave.""

A frase",49.375,5,0.23529411764705882,0.09523809523809523,0.0,0.0
easy_002,easy,easy,general,hybrid,adaptive_calibrated,"

Para que seja mais claro, achou que você está em uma frase que você está usando",21.250000000000004,14,0.48717948717948717,0.041666666666666664,0.07142857142857142,0.0
easy_003,easy,easy,general,adaptive_calibrated,,"

Ao usar o algoritmo de busca, você pode verificar se uma palavra está presente",43.125,7,0.34615384615384615,0.07692307692307693,0.0,0.0
easy_003,easy,easy,general,adaptive_guarded_v3,,"

Ao usar o algoritmo de busca, você pode verificar se uma palavra está presente",43.125,7,0.34615384615384615,0.07692307692307693,0.0,0.0
easy_003,easy,easy,general,speculative_adaptive,,"

Ao usar o algoritmo de busca de um número, você pode ver que o algoritmo",22.500000000000007,8,0.3333333333333333,0.04,0.0,0.0
easy_003,easy,easy,general,hybrid,adaptive_calibrated,"

Ao usar o algoritmo de busca, você pode verificar se uma palavra está presente",43.125,7,0.34615384615384615,0.07692307692307693,0.0,0.0
easy_004,easy,easy,general,adaptive_calibrated,,"

Para isso, você pode usar a biblioteca de Python, `pip install beautifulsoup4`. Em seguida,",43.125,7,0.34831460674157305,0.041666666666666664,0.0,0.0
easy_004,easy,easy,general,adaptive_guarded_v3,,"

Para isso, você pode usar a biblioteca de Python, `pip install beautifulsoup4`. Em seguida,",43.125,7,0.34831460674157305,0.041666666666666664,0.0,0.0
easy_004,easy,easy,general,speculative_adaptive,,"

Para isso, você pode usar o termo ""biblioteca"" como um conjunto de palavras",27.812500000000007,7,0.5061728395061729,0.2,0.0,0.0
easy_004,easy,easy,general,hybrid,adaptive_calibrated,"

Para isso, você pode usar a biblioteca de Python, `pip install beautifulsoup4`. Em seguida,",43.125,7,0.34831460674157305,0.041666666666666664,0.0,0.0
easy_005,easy,easy,general,adaptive_calibrated,,"

A frase é: ""O que é um caderno é um caderno.""

A frase é: ""O que é um cad",52.5,4,0.3006535947712418,0.4,0.29411764705882354,0.25
easy_005,easy,easy,general,adaptive_guarded_v3,,"

A frase é: ""O que é um caderno é um caderno.""

A frase é: ""O que é um cad",52.5,4,0.3006535947712418,0.4,0.29411764705882354,0.25
easy_005,easy,easy,general,speculative_adaptive,,"

A frase é: ""A frase é um caderno.""

A frase é: ""A frase é um caderno.""",40.78125,6,0.28,0.2857142857142857,0.42857142857142855,0.38461538461538464
easy_005,easy,easy,general,hybrid,adaptive_calibrated,"

A frase é: ""O que é um caderno é um caderno.""

A frase é: ""O que é um cad",52.5,4,0.3006535947712418,0.4,0.29411764705882354,0.25
easy_006,easy,easy,general,adaptive_calibrated,,"

A lâmpada é uma frase que faz uma lâmpada em uma frase.

A lâ",52.5,4,0.7619047619047619,0.8888888888888888,0.0,0.0
easy_006,easy,easy,general,adaptive_guarded_v3,,"

A lâmpada é uma frase que faz uma lâmpada em uma frase.

A lâ",52.5,4,0.7619047619047619,0.8888888888888888,0.0,0.0
easy_006,easy,easy,general,speculative_adaptive,,"

A lâmpada é uma frase que faz uma lâmpada em uma frase.

A frase",46.09375,5,0.7286821705426356,1.0,0.0,0.0
easy_006,easy,easy,general,hybrid,adaptive_calibrated,"

A lâmpada é uma frase que faz uma lâmpada em uma frase.

A lâ",52.5,4,0.7619047619047619,0.8888888888888888,0.0,0.0
easy_007,easy,easy,general,adaptive_calibrated,,"

Ao usar o modo simples o usuário pode selecionar o modo simples que ele dese",40.0,8,0.3625,0.13043478260869565,0.07692307692307693,0.0
easy_007,easy,easy,general,adaptive_guarded_v3,,"

Ao usar o modo simples o usuário pode selecionar o modo simples que ele dese",40.0,8,0.3625,0.13043478260869565,0.07692307692307693,0.0
easy_007,easy,easy,general,speculative_adaptive,,"

Ao usar o modo simples o usuário pode usar a mesma função para criar uma n",-8.59375,12,0.4177215189873418,0.11538461538461539,0.0,0.0
easy_007,easy,easy,general,hybrid,adaptive_calibrated,"

Ao usar o modo simples o usuário pode selecionar o modo simples que ele dese",40.0,8,0.3625,0.13043478260869565,0.07692307692307693,0.0
easy_008,easy,easy,general,adaptive_calibrated,,"

A frase é: ""O que é uma cadeira é uma frase que é uma frase que é uma fr",46.25,6,0.41134751773049644,0.4166666666666667,0.29411764705882354,0.1875
easy_008,easy,easy,general,adaptive_guarded_v3,,"

A frase é: ""O que é uma cadeira é uma frase que é uma frase que é uma fr",46.25,6,0.41134751773049644,0.4166666666666667,0.29411764705882354,0.1875
easy_008,easy,easy,general,speculative_adaptive,,"

A frase é: ""A frase é um cadeira.""

A frase é: ""A frase é um cade",33.12500000000001,6,0.29850746268656714,0.25,0.35714285714285715,0.3076923076923077
easy_008,easy,easy,general,hybrid,adaptive_calibrated,"

A frase é: ""O que é uma cadeira é uma frase que é uma frase que é uma fr",46.25,6,0.41134751773049644,0.4166666666666667,0.29411764705882354,0.1875
easy_009,easy,easy,general,adaptive_calibrated,,"

Para que o usuário seja mochila, precisamos de uma mochila de 1000 m",30.625000000000004,11,0.6620689655172414,0.3333333333333333,0.0,0.0
easy_009,easy,easy,general,adaptive_guarded_v3,,"

Para que o usuário seja mochila, precisamos de uma mochila de 1000 m",30.625000000000004,11,0.6620689655172414,0.3333333333333333,0.0,0.0
easy_009,easy,easy,general,speculative_adaptive,,"

A mochila é um lugar de cadeia que está disponível em todas as instalações de prod",23.4375,7,0.22641509433962265,0.12,0.0,0.0
easy_009,easy,easy,general,hybrid,adaptive_calibrated,"

Para que o usuário seja mochila, precisamos de uma mochila de 1000 m",30.625000000000004,11,0.6620689655172414,0.3333333333333333,0.0,0.0
easy_010,easy,easy,general,adaptive_calibrated,,"

A frase é um relógio, que é um relógio que é um relógio.

A frase",46.25,6,0.4122137404580153,0.75,0.07692307692307693,0.0
easy_010,easy,easy,general,adaptive_guarded_v3,,"

A frase é um relógio, que é um relógio que é um relógio que é um relóg",43.125,7,0.39705882352941174,0.6666666666666666,0.3333333333333333,0.2857142857142857
easy_010,easy,easy,general,speculative_adaptive,,"

A frase é: ""A frase é um relógio.""

A frase é um relógio.

",34.375,7,0.8,0.625,0.09090909090909091,0.0
easy_010,easy,easy,general,hybrid,adaptive_calibrated,"

A frase é um relógio, que é um relógio que é um relógio.

A frase",46.25,6,0.4122137404580153,0.75,0.07692307692307693,0.0
math_001,math,math,math_symbolic_dense,adaptive_calibrated,,"

A inversa de f(x)=5x+1 é (x-1)/5 é porque a é uma função que",43.125,7,0.543859649122807,0.5333333333333333,0.0,0.0
math_001,math,math,math_symbolic_dense,adaptive_guarded_v3,,"

A inversa de f(x)=5x+1 é (x-1)/5 é porque a é uma função que",43.125,7,0.543859649122807,0.5333333333333333,0.0,0.0
math_001,math,math,math_symbolic_dense,speculative_adaptive,,"

A inversa de f(x)=5x+1 é (x-1)/5 pois ele é a f(x)/5",11.875000000000002,10,0.5849056603773585,0.6153846153846154,0.0,0.0
math_001,math,math,math_symbolic_dense,hybrid,adaptive_calibrated,"

A inversa de f(x)=5x+1 é (x-1)/5 é porque a é uma função que",43.125,7,0.543859649122807,0.5333333333333333,0.0,0.0
math_002,math,math,math,adaptive_calibrated,,"

A:

```python
def calcula_suma_de_divididos(num1, num2):
    return num",49.375,5,0.2064516129032258,0.05,0.0,0.0
math_002,math,math,math,adaptive_guarded_v3,,"

A:

```python
def calcula_suma_de_divididos(num1, num2):
    return num",49.375,5,0.2064516129032258,0.05,0.0,0.0
math_002,math,math,math,speculative_adaptive,,"
```",-48.333333333333314,2,0.09302325581395349,0.0,0.0,0.0
math_002,math,math,math,hybrid,adaptive_calibrated,"

A:

```python
def calcula_suma_de_divididos(num1, num2):
    return num",49.375,5,0.2064516129032258,0.05,0.0,0.0
math_003,math,math,math_symbolic_dense,adaptive_calibrated,,"

Step 2: Simplify the equation.

To simplify the equation, we can subtract 4 from both sides of the equation. This gives",52.5,4,0.43956043956043955,0.25,0.0,0.0
math_003,math,math,math_symbolic_dense,adaptive_guarded_v3,,"

Step 2: Simplify the equation.

To simplify the equation, we can subtract 4 from both sides of the equation. This gives",52.5,4,0.43956043956043955,0.25,0.0,0.0
math_003,math,math,math_symbolic_dense,speculative_adaptive,,"

Solve the equation for x:

x = 10 - 4
x = 6

Therefore, the value of x",37.5,6,0.43609022556390975,0.3333333333333333,0.0,0.0
math_003,math,math,math_symbolic_dense,hybrid,adaptive_calibrated,"

Step 2: Simplify the equation.

To simplify the equation, we can subtract 4 from both sides of the equation. This gives",52.5,4,0.43956043956043955,0.25,0.0,0.0
math_004,math,math,math,adaptive_calibrated,,"

A:

A:

A:

A:

A:

A:

A:

A:",58.75,2,0.0,0.0,0.8333333333333334,0.8
math_004,math,math,math,adaptive_guarded_v3,,"

A:

A:

A:

A:

A:

A:

A:

A:",55.625,3,0.0,0.0,0.8333333333333334,0.8
math_004,math,math,math,speculative_adaptive,,"

Por exemplo, se o círculo for de 1000 metros quadrados, a fórmula",19.218750000000007,8,0.0,0.0,0.0,0.0
math_004,math,math,math,hybrid,adaptive_calibrated,"

A:

A:

A:

A:

A:

A:

A:

A:",58.75,2,0.0,0.0,0.8333333333333334,0.8
math_005,math,math,math,adaptive_calibrated,,"

A partir de todos os dados, podemos ver que 3/4 é maior que 2/5.

",49.375,5,0.08333333333333333,0.06666666666666667,0.0,0.0
math_005,math,math,math,adaptive_guarded_v3,,"

A partir de todos os dados, podemos ver que 3/4 é maior que 2/5.

",49.375,5,0.08333333333333333,0.06666666666666667,0.0,0.0
math_005,math,math,math,speculative_adaptive,,"

A partir de que 3/4 é maior que 2/5, acontece que 3/4 é maior",19.218750000000007,8,0.08955223880597014,0.09090909090909091,0.16666666666666666,0.09090909090909091
math_005,math,math,math,hybrid,adaptive_calibrated,"

A partir de todos os dados, podemos ver que 3/4 é maior que 2/5.

",49.375,5,0.08333333333333333,0.06666666666666667,0.0,0.0
math_006,math,math,math,adaptive_calibrated,,"

```python
def sum_of_numbers(n):
    return n * (n + 1) // 2

print(sum",61.875,1,0.6049382716049383,0.3333333333333333,0.0,0.0
math_006,math,math,math,adaptive_guarded_v3,,"

```python
def sum_of_numbers(n):
    return n * (n + 1) // 2

print(sum",61.875,1,0.6049382716049383,0.3333333333333333,0.0,0.0
math_006,math,math,math,speculative_adaptive,,"

```python
def sum_of_numbers(n):
    return n * (n + 1) // 2

print(sum",46.09375,5,0.6049382716049383,0.3333333333333333,0.0,0.0
math_006,math,math,math,hybrid,adaptive_calibrated,"

```python
def sum_of_numbers(n):
    return n * (n + 1) // 2

print(sum",61.875,1,0.6049382716049383,0.3333333333333333,0.0,0.0
math_007,math,math,math_symbolic_dense,adaptive_calibrated,,,65.0,0,0.0,0.0,0.0,0.0
math_007,math,math,math_symbolic_dense,adaptive_guarded_v3,,,65.0,0,0.0,0.0,0.0,0.0
math_007,math,math,math_symbolic_dense,speculative_adaptive,,,-35.00000000000001,1,0.0,0.0,0.0,0.0
math_007,math,math,math_symbolic_dense,hybrid,adaptive_calibrated,,65.0,0,0.0,0.0,0.0,0.0
math_008,math,math,math_symbolic_dense,adaptive_calibrated,,"

Now, we can solve for x by isolating the variable on one side of the equation. Subtracting 3 from both sides gives us 2",46.25,6,0.927038626609442,0.84,0.0,0.0
math_008,math,math,math_symbolic_dense,adaptive_guarded_v3,,"

Now, we can solve for x by isolating the variable on one side of the equation. Subtracting 3 from both sides gives us 2",46.25,6,0.927038626609442,0.84,0.0,0.0
math_008,math,math,math_symbolic_dense,speculative_adaptive,,"

To solve this equation, we can use the method of substitution. Let's substitute y = x + 3 into the equation:

y -",49.375,5,0.31718061674008813,0.24242424242424243,0.0,0.0
math_008,math,math,math_symbolic_dense,hybrid,adaptive_calibrated,"

Now, we can solve for x by isolating the variable on one side of the equation. Subtracting 3 from both sides gives us 2",46.25,6,0.927038626609442,0.84,0.0,0.0
math_009,math,math,math,adaptive_calibrated,,"

```python
def soma_produto_divisao(a, b):
    return a + b

def produto_div",52.5,4,0.36879432624113473,0.06666666666666667,0.0,0.0
math_009,math,math,math,adaptive_guarded_v3,,"

```python
def soma_produto_divisao(a, b):
    return a + b

def produto_div",52.5,4,0.36879432624113473,0.06666666666666667,0.0,0.0
math_009,math,math,math,speculative_adaptive,,"

```python
def soma_produto_divisao(a, b):
    return a + b

def produto_div",40.78125,6,0.36879432624113473,0.06666666666666667,0.0,0.0
math_009,math,math,math,hybrid,adaptive_calibrated,"

```python
def soma_produto_divisao(a, b):
    return a + b

def produto_div",52.5,4,0.36879432624113473,0.06666666666666667,0.0,0.0
math_010,math,math,math,adaptive_calibrated,,"

A: O que é a raciocínio?

A raciocínio é uma forma de cresver o",43.125,7,0.46875,0.375,0.0,0.0
math_010,math,math,math,adaptive_guarded_v3,,"

A: O que é a raciocínio?

A raciocínio é uma forma de cresver o",43.125,7,0.46875,0.375,0.0,0.0
math_010,math,math,math,speculative_adaptive,,"

A: 
Ao calculo, o 150% de 150 e o raciocínio é o ",14.0625,10,0.3684210526315789,0.5,0.0,0.0
math_010,math,math,math,hybrid,adaptive_calibrated,"

A: O que é a raciocínio?

A raciocínio é uma forma de cresver o",43.125,7,0.46875,0.375,0.0,0.0
logic_001,logic,logic,logic,adaptive_calibrated,,"

Para saber mais sobre o vento, pode usar o botão ""Saber o vento"" no menu do",33.75,10,0.7875,0.6666666666666666,0.0,0.0
logic_001,logic,logic,logic,adaptive_guarded_v3,,"

Para saber mais sobre o vento, pode usar o botão ""Saber o vento"" no menu do",33.75,10,0.7875,0.6666666666666666,0.0,0.0
logic_001,logic,logic,logic,speculative_adaptive,,"

Ao sair, o vento deve ser menor que o que o usuario estiver usando. Se o usuario",-8.59375,12,0.32727272727272727,0.08695652173913043,0.0,0.0
logic_001,logic,logic,logic,hybrid,adaptive_guarded_v3,"

Para saber mais sobre o vento, pode usar o botão ""Saber o vento"" no menu do",33.75,10,0.7875,0.6666666666666666,0.0,0.0
logic_002,logic,logic,logic,adaptive_calibrated,,"

Se o cartão está bloqueado, a compra é proibida.

Se o cartão está proibida",55.625,3,0.7261146496815286,0.42857142857142855,0.16666666666666666,0.09090909090909091
logic_002,logic,logic,logic,adaptive_guarded_v3,,"

Se o cartão está bloqueado, a compra é proibida.

Se o cartão está proibida",55.625,3,0.7261146496815286,0.42857142857142855,0.16666666666666666,0.09090909090909091
logic_002,logic,logic,logic,speculative_adaptive,,"

A regra é: se o cartão está bloqueado, então a compra é proibida.

A reg",38.59375000000001,6,0.6883116883116883,0.4375,0.0,0.0
logic_002,logic,logic,logic,hybrid,adaptive_guarded_v3,"

Se o cartão está bloqueado, a compra é proibida.

Se o cartão está proibida",55.625,3,0.7261146496815286,0.42857142857142855,0.16666666666666666,0.09090909090909091
logic_003,logic,logic,logic,adaptive_calibrated,,"

Para isso, você pode verificar se o email está disponível no seu sistema de email e",40.0,8,0.4230769230769231,0.21739130434782608,0.0,0.0
logic_003,logic,logic,logic,adaptive_guarded_v3,,"

Para isso, você pode verificar se o email está disponível no seu sistema de email e",40.0,8,0.4230769230769231,0.21739130434782608,0.0,0.0
logic_003,logic,logic,logic,speculative_adaptive,,"

Para isso, você pode usar o comando `sudo chmod 600 /home/user/Documents` para",10.781250000000009,10,0.7814569536423841,0.5294117647058824,0.0,0.0
logic_003,logic,logic,logic,hybrid,adaptive_guarded_v3,"

Para isso, você pode verificar se o email está disponível no seu sistema de email e",40.0,8,0.4230769230769231,0.21739130434782608,0.0,0.0
logic_004,logic,logic,logic,adaptive_calibrated,,"

Para obter o documento, você pode usar o seguinte formato:

```python
# Para",33.75,10,0.6289308176100629,0.3888888888888889,0.0,0.0
logic_004,logic,logic,logic,adaptive_guarded_v3,,"

Para obter o documento, você pode usar o seguinte formato:

```python
# Para",33.75,10,0.6289308176100629,0.3888888888888889,0.0,0.0
logic_004,logic,logic,logic,speculative_adaptive,,"

Para verificar se o documento está válido, faça o seguinte:

- Se o document",18.281250000000004,9,0.46540880503144655,0.19047619047619047,0.0,0.0
logic_004,logic,logic,logic,hybrid,adaptive_guarded_v3,"

Para obter o documento, você pode usar o seguinte formato:

```python
# Para",33.75,10,0.6289308176100629,0.3888888888888889,0.0,0.0
logic_005,logic,logic,logic,adaptive_calibrated,,"

A:

Então, a alarme deve tocar.

A:

Então, a alarme deve to",46.25,6,0.12121212121212122,0.16666666666666666,0.3,0.2222222222222222
logic_005,logic,logic,logic,adaptive_guarded_v3,,"

A:

Então, a alarme deve tocar.

A:

Então, a alarme deve to",46.25,6,0.12121212121212122,0.16666666666666666,0.3,0.2222222222222222
logic_005,logic,logic,logic,speculative_adaptive,,"

A:

A ajuda é a resolução de uma condição de atenção, que é a atenção",1.2500000000000067,12,0.10666666666666667,0.1111111111111111,0.0,0.0
logic_005,logic,logic,logic,hybrid,adaptive_guarded_v3,"

A:

Então, a alarme deve tocar.

A:

Então, a alarme deve to",46.25,6,0.12121212121212122,0.16666666666666666,0.3,0.2222222222222222
logic_006,logic,logic,logic,adaptive_calibrated,,"

Para verificar se o crachá está vencido, válida, ou inválida, você p",40.0,8,0.6933333333333334,0.4375,0.0,0.0
logic_006,logic,logic,logic,adaptive_guarded_v3,,"

Para verificar se o crachá está vencido, válida, ou inválida, você p",40.0,8,0.6933333333333334,0.4375,0.0,0.0
logic_006,logic,logic,logic,speculative_adaptive,,"

Para verificar se o crachá está vencido, válido ou inválido, válida",23.593750000000004,8,0.6845637583892618,0.4666666666666667,0.0,0.0
logic_006,logic,logic,logic,hybrid,adaptive_guarded_v3,"

Para verificar se o crachá está vencido, válida, ou inválida, você p",40.0,8,0.6933333333333334,0.4375,0.0,0.0
logic_007,logic,logic,logic,adaptive_calibrated,,"

Para ajudar você, você precisará resolver essa problema. Você pode usar o seu",27.500000000000004,12,0.9044585987261147,0.6923076923076923,0.0,0.0
logic_007,logic,logic,logic,adaptive_guarded_v3,,"

Para ajudar você, você precisará resolver essa problema. Você pode usar o seu",27.500000000000004,12,0.9044585987261147,0.6923076923076923,0.0,0.0
logic_007,logic,logic,logic,speculative_adaptive,,"

Para acessar o controle do pedido, você pode seguir a seção de controle do pedido:
",3.125,10,0.3803680981595092,0.21052631578947367,0.0,0.0
logic_007,logic,logic,logic,hybrid,adaptive_guarded_v3,"

Para ajudar você, você precisará resolver essa problema. Você pode usar o seu",27.500000000000004,12,0.9044585987261147,0.6923076923076923,0.0,0.0
logic_008,logic,logic,logic,adaptive_calibrated,,"

Para entender mais sobre o que estamos a fazer, podemos fazer o seu seu seu seu",24.375000000000004,13,0.2981366459627329,0.09523809523809523,0.07142857142857142,0.0
logic_008,logic,logic,logic,adaptive_guarded_v3,,"

Para entender mais sobre o que estamos a fazer, podemos fazer o seu seu seu seu",24.375000000000004,13,0.2981366459627329,0.09523809523809523,0.07142857142857142,0.0
logic_008,logic,logic,logic,speculative_adaptive,,"

A regra de autorização é importante para ajudar a estabelecer a estabilidade e a estabilizar",-9.687499999999982,12,0.5172413793103449,0.2777777777777778,0.0,0.0
logic_008,logic,logic,logic,hybrid,adaptive_guarded_v3,"

Para entender mais sobre o que estamos a fazer, podemos fazer o seu seu seu seu",24.375000000000004,13,0.2981366459627329,0.09523809523809523,0.07142857142857142,0.0
logic_009,logic,logic,logic,adaptive_calibrated,,"

Para isso, você precisará usar o comando `python -m sensor.py` e `python -m sensor",40.0,8,0.4936708860759494,0.15789473684210525,0.0,0.0
logic_009,logic,logic,logic,adaptive_guarded_v3,,"

Para isso, você precisará usar o comando `python -m sensor.py` e `python -m sensor",40.0,8,0.4936708860759494,0.15789473684210525,0.0,0.0
logic_009,logic,logic,logic,speculative_adaptive,,"

Ao final, o sistema deve ser atualizado para que o sensor seja atualmente funcionado.
",22.500000000000007,8,0.18518518518518517,0.045454545454545456,0.0,0.0
logic_009,logic,logic,logic,hybrid,adaptive_guarded_v3,"

Para isso, você precisará usar o comando `python -m sensor.py` e `python -m sensor",40.0,8,0.4936708860759494,0.15789473684210525,0.0,0.0
logic_010,logic,logic,logic,adaptive_calibrated,,"

Ao verificar se o perfil está inválido, você pode verificar se o perfil está inv",55.625,3,0.5662650602409639,0.2631578947368421,0.23076923076923078,0.16666666666666666
logic_010,logic,logic,logic,adaptive_guarded_v3,,"

Ao verificar se o perfil está inválido, você pode verificar se o perfil está inv",55.625,3,0.5662650602409639,0.2631578947368421,0.23076923076923078,0.16666666666666666
logic_010,logic,logic,logic,speculative_adaptive,,"

Ao usar o bot, você pode verificar se o perfil está inválido ou não. Se o",40.78125,6,0.5157232704402516,0.22727272727272727,0.0,0.0
logic_010,logic,logic,logic,hybrid,adaptive_guarded_v3,"

Ao verificar se o perfil está inválido, você pode verificar se o perfil está inv",55.625,3,0.5662650602409639,0.2631578947368421,0.23076923076923078,0.16666666666666666
code_001,code,code,code,adaptive_calibrated,,"

**Exemplo de uso:**

```python
def divide(x, y):
    if x % 2 == 0:",40.0,8,0.8251748251748252,0.5833333333333334,0.0,0.0
code_001,code,code,code,adaptive_guarded_v3,,"

**Exemplo de uso:**

```python
def divide(x, y):
    if x % 2 == 0:",40.0,8,0.8251748251748252,0.5833333333333334,0.0,0.0
code_001,code,code,code,speculative_adaptive,,"

```python
def divide_numbers(x, y):
    if x % 2 == 0:
        return x / 2
    else",46.09375,5,0.6875,0.5,0.0,0.0
code_001,code,code,code,hybrid,adaptive_calibrated,"

**Exemplo de uso:**

```python
def divide(x, y):
    if x % 2 == 0:",40.0,8,0.8251748251748252,0.5833333333333334,0.0,0.0
code_002,code,code,code,adaptive_calibrated,,"

def soma(a, b):
    return a + b

# Teste o função
print(soma(10,",52.5,4,0.26900584795321636,0.125,0.0,0.0
code_002,code,code,code,adaptive_guarded_v3,,"

def soma(a, b):
    return a + b

# Teste o função
print(soma(10,",52.5,4,0.26900584795321636,0.125,0.0,0.0
code_002,code,code,code,speculative_adaptive,,"

Utilizamos o Python 2.x para acessar a função.

Utilizamos o Python 3.x para a",20.3125,8,0.45652173913043476,0.125,0.08333333333333333,0.0
code_002,code,code,code,hybrid,adaptive_calibrated,"

def soma(a, b):
    return a + b

# Teste o função
print(soma(10,",52.5,4,0.26900584795321636,0.125,0.0,0.0
code_003,code,code,code,adaptive_calibrated,,"

```python
for i in range(1, 5):
    print(i)
```

This code will output:

```",58.75,2,0.273972602739726,0.09090909090909091,0.0,0.0
code_003,code,code,code,adaptive_guarded_v3,,"

```python
for i in range(1, 5):
    print(i)
```

This code will output:

```",58.75,2,0.273972602739726,0.09090909090909091,0.0,0.0
code_003,code,code,code,speculative_adaptive,,"

```python
for i in range(1, 6):
    print(i)
```

Aqui está uma função",39.68750000000001,6,0.2158273381294964,0.043478260869565216,0.0,0.0
code_003,code,code,code,hybrid,adaptive_calibrated,"

```python
for i in range(1, 5):
    print(i)
```

This code will output:

```",58.75,2,0.273972602739726,0.09090909090909091,0.0,0.0
code_004,code,code,code,adaptive_calibrated,,"toFixed(2);

// Teste:
console.log(explicite.toFixed(2)); // Explicite.to",40.0,8,0.09302325581395349,0.0,0.0,0.0
code_004,code,code,code,adaptive_guarded_v3,,"toFixed(2);

// Teste:
console.log(explicite.toFixed(2)); // Explicite.to",40.0,8,0.09302325581395349,0.0,0.0,0.0
code_004,code,code,code,speculative_adaptive,,"

```

Para que se puede utilizar este código, se puede utilizar la bibliot",26.875000000000004,8,0.16091954022988506,0.0,0.09090909090909091,0.0
code_004,code,code,code,hybrid,adaptive_calibrated,"toFixed(2);

// Teste:
console.log(explicite.toFixed(2)); // Explicite.to",40.0,8,0.09302325581395349,0.0,0.0,0.0
code_005,code,code,code,adaptive_calibrated,,"

```python
def verifica_idade(idade):
    if idade < 1:
        return ""Você não",52.5,4,0.9512195121951219,0.6363636363636364,0.0,0.0
code_005,code,code,code,adaptive_guarded_v3,,"

```python
def verifica_idade(idade):
    if idade < 1:
        return ""Você não",52.5,4,0.9512195121951219,0.6363636363636364,0.0,0.0
code_005,code,code,code,speculative_adaptive,,"

```python
def verifica_idade(idade):
    if idade <= 0:
        return ""Valor de idade",38.59375000000001,6,0.8888888888888888,0.5,0.0,0.0
code_005,code,code,code,hybrid,adaptive_calibrated,"

```python
def verifica_idade(idade):
    if idade < 1:
        return ""Você não",52.5,4,0.9512195121951219,0.6363636363636364,0.0,0.0
code_006,code,code,code,adaptive_calibrated,,"

Para isso, precisamos criar uma classe Pessoa com o seu nome e idade.

",46.25,6,0.5806451612903226,0.13043478260869565,0.0,0.0
code_006,code,code,code,adaptive_guarded_v3,,"

Para isso, precisamos criar uma classe Pessoa com o seu nome e idade.

",46.25,6,0.5806451612903226,0.13043478260869565,0.0,0.0
code_006,code,code,code,speculative_adaptive,,"

Para isso, você pode usar o método `__str__()` para mostrar o nome e idade da",-3.281249999999991,11,0.2484472049689441,0.08333333333333333,0.0,0.0
code_006,code,code,code,hybrid,adaptive_calibrated,"

Para isso, precisamos criar uma classe Pessoa com o seu nome e idade.

",46.25,6,0.5806451612903226,0.13043478260869565,0.0,0.0
code_007,code,code,code,adaptive_calibrated,,"

const funcao = () => {
  console.log(""Funcao"");
};

const funcao = () => {
 ",55.625,3,0.4539877300613497,0.2,0.3333333333333333,0.2727272727272727
code_007,code,code,code,adaptive_guarded_v3,,"

const funcao = () => {
  console.log(""Funcao"");
};

const funcao = () => {
 ",55.625,3,0.4539877300613497,0.2,0.3333333333333333,0.2727272727272727
code_007,code,code,code,speculative_adaptive,,"

```javascript
// const
const soma = 5;
console.log(soma); // 10

//",30.000000000000004,7,0.4805194805194805,0.25,0.0,0.0
code_007,code,code,code,hybrid,adaptive_calibrated,"

const funcao = () => {
  console.log(""Funcao"");
};

const funcao = () => {
 ",55.625,3,0.4539877300613497,0.2,0.3333333333333333,0.2727272727272727
code_008,code,code,code,adaptive_calibrated,,"

```python
def contar_até_dez(num):
    cont = 0
    while cont < 10:
        cont",49.375,5,0.21052631578947367,0.05555555555555555,0.0,0.0
code_008,code,code,code,adaptive_guarded_v3,,"

```python
def contar_até_dez(num):
    cont = 0
    while cont < 10:
        cont",49.375,5,0.21052631578947367,0.05555555555555555,0.0,0.0
code_008,code,code,code,speculative_adaptive,,"

```python
def contar_até_dez(num_int):
    cont = 0
    while True:
        cont += ",20.3125,8,0.1032258064516129,0.0,0.0,0.0
code_008,code,code,code,hybrid,adaptive_calibrated,"

```python
def contar_até_dez(num):
    cont = 0
    while cont < 10:
        cont",49.375,5,0.21052631578947367,0.05555555555555555,0.0,0.0
code_009,code,code,code,adaptive_calibrated,,"

```python
def soma_de_tuplas(tuplas):
    soma = 0
    for tup in tupl",49.375,5,0.5369127516778524,0.21428571428571427,0.0,0.0
code_009,code,code,code,adaptive_guarded_v3,,"

```python
def soma_de_tuplas(tuplas):
    soma = 0
    for tup in tupl",49.375,5,0.5369127516778524,0.21428571428571427,0.0,0.0
code_009,code,code,code,speculative_adaptive,,"

```javascript
// Código como usar var em um pequeno trecho de código
let name",36.40624999999999,6,0.2692307692307692,0.0,0.0,0.0
code_009,code,code,code,hybrid,adaptive_calibrated,"

```python
def soma_de_tuplas(tuplas):
    soma = 0
    for tup in tupl",49.375,5,0.5369127516778524,0.21428571428571427,0.0,0.0
code_010,code,code,code,adaptive_calibrated,,"

**Exemplo:**

```python
def find_first_item(lst):
    return lst[0]
```

**",43.125,7,0.5384615384615384,0.36363636363636365,0.0,0.0
code_010,code,code,code,adaptive_guarded_v3,,"

**Exemplo:**

```python
def find_first_item(lst):
    return lst[0]
```

**",43.125,7,0.5384615384615384,0.36363636363636365,0.0,0.0
code_010,code,code,code,speculative_adaptive,,"

```python
def primeiro_item(lista):
    for i in range(len(lista)):
        if lista[i]",19.218750000000007,8,0.5119047619047619,0.2,0.0,0.0
code_010,code,code,code,hybrid,adaptive_calibrated,"

**Exemplo:**

```python
def find_first_item(lst):
    return lst[0]
```

**",43.125,7,0.5384615384615384,0.36363636363636365,0.0,0.0
general_001,general,general,general,adaptive_calibrated,,"

A rotina de leitura é uma maneira de manter uma rotina de leitura, que é uma man",46.25,6,0.0,0.0,0.0,0.0
general_001,general,general,general,adaptive_guarded_v3,,"

A rotina de leitura é uma maneira de manter uma rotina de leitura, que é uma man",46.25,6,0.0,0.0,0.0,0.0
general_001,general,general,general,speculative_adaptive,,"

A: A rotina de leitura é uma forma de manter uma rotina de leitura que é út",39.68750000000001,6,0.0,0.0,0.06666666666666667,0.0
general_001,general,general,general,hybrid,adaptive_calibrated,"

A rotina de leitura é uma maneira de manter uma rotina de leitura, que é uma man",46.25,6,0.0,0.0,0.0,0.0
general_002,general,general,general,adaptive_calibrated,,"

Para organizar uma mesa de trabalho, você deve ter como seu próprio objetivo",40.0,8,0.7411764705882353,0.5555555555555556,0.0,0.0
general_002,general,general,general,adaptive_guarded_v3,,"

Para organizar uma mesa de trabalho, você deve ter como seu próprio objetivo",40.0,8,0.7411764705882353,0.5555555555555556,0.0,0.0
general_002,general,general,general,speculative_adaptive,,"

Para ajudar a criação de uma mesa de trabalho, você pode usar uma versão de",21.406250000000004,8,0.5443786982248521,0.35,0.0,0.0
general_002,general,general,general,hybrid,adaptive_calibrated,"

Para organizar uma mesa de trabalho, você deve ter como seu próprio objetivo",40.0,8,0.7411764705882353,0.5555555555555556,0.0,0.0
general_003,general,general,general,adaptive_calibrated,,"

Para colaborar com o meu conta, você deve seguir as seguintes instruções:",40.0,8,0.28187919463087246,0.0,0.0,0.0
general_003,general,general,general,adaptive_guarded_v3,,"

Para colaborar com o meu conta, você deve seguir as seguintes instruções:",40.0,8,0.28187919463087246,0.0,0.0,0.0
general_003,general,general,general,speculative_adaptive,,"

Para acessar o seu conteúdo, você deve usar o seu navegador ou seu computad",23.593750000000004,8,0.3443708609271523,0.0,0.0,0.0
general_003,general,general,general,hybrid,adaptive_calibrated,"

Para colaborar com o meu conta, você deve seguir as seguintes instruções:",40.0,8,0.28187919463087246,0.0,0.0,0.0
general_004,general,general,general,adaptive_calibrated,,"

Para ajudar a criar uma nova cadeira, você deve ajudar a criar uma",36.875,9,0.49056603773584906,0.25,0.18181818181818182,0.1
general_004,general,general,general,adaptive_guarded_v3,,"

Para ajudar a criar uma nova cadeira, você deve ajudar a criar uma",36.875,9,0.49056603773584906,0.25,0.18181818181818182,0.1
general_004,general,general,general,speculative_adaptive,,"

Para ajudar a criar uma nova curiosidade, você pode usar a capacidade de aprend",34.21875000000001,6,0.5930232558139535,0.20833333333333334,0.0,0.0
general_004,general,general,general,hybrid,adaptive_calibrated,"

Para ajudar a criar uma nova cadeira, você deve ajudar a criar uma",36.875,9,0.49056603773584906,0.25,0.18181818181818182,0.1
general_005,general,general,general,adaptive_calibrated,,"

```python
def cuidados_básicos(lista):
    """"""
    Retorna uma lista de cuidados b",49.375,5,0.7721518987341772,0.5454545454545454,0.0,0.0
general_005,general,general,general,adaptive_guarded_v3,,"

```python
def cuidados_básicos(lista):
    """"""
    Retorna uma lista de cuidados b",49.375,5,0.7721518987341772,0.5454545454545454,0.0,0.0
general_005,general,general,general,speculative_adaptive,,"

```python
def cuidados_básicos(lista):
    """"""
    Cuidados básicos para uma apresenta",30.000000000000004,7,0.7037037037037037,0.4166666666666667,0.0,0.0
general_005,general,general,general,hybrid,adaptive_calibrated,"

```python
def cuidados_básicos(lista):
    """"""
    Retorna uma lista de cuidados b",49.375,5,0.7721518987341772,0.5454545454545454,0.0,0.0
general_006,general,general,general,adaptive_calibrated,,"

Para isso, você pode usar o seu conteúdo de texto, como o seu texto de",27.500000000000004,12,0.0,0.0,0.0,0.0
general_006,general,general,general,adaptive_guarded_v3,,"

Para isso, você pode usar o seu conteúdo de texto, como o seu texto de",27.500000000000004,12,0.0,0.0,0.0,0.0
general_006,general,general,general,speculative_adaptive,,"

Para ajudar a criar uma frase motivadora sobre persistência, você pode usar a",43.90625,5,0.0,0.0,0.0,0.0
general_006,general,general,general,hybrid,adaptive_calibrated,"

Para isso, você pode usar o seu conteúdo de texto, como o seu texto de",27.500000000000004,12,0.0,0.0,0.0,0.0
general_007,general,general,general,adaptive_calibrated,,"

Para isso, precisamos de uma rotina de produtiva que seja capaz de:

- Encontrar",21.250000000000004,14,0.6432748538011696,0.4117647058823529,0.0,0.0
general_007,general,general,general,adaptive_guarded_v3,,"

Para isso, precisamos de uma rotina de produtiva que seja capaz de:

- Encontrar",21.250000000000004,14,0.6432748538011696,0.4117647058823529,0.0,0.0
general_007,general,general,general,speculative_adaptive,,"

Para acessar a rotina, você precisará selecionar o seu endereço do servi",32.1875,7,0.3067484662576687,0.13636363636363635,0.0,0.0
general_007,general,general,general,hybrid,adaptive_calibrated,"

Para isso, precisamos de uma rotina de produtiva que seja capaz de:

- Encontrar",21.250000000000004,14,0.6432748538011696,0.4117647058823529,0.0,0.0
general_008,general,general,general,adaptive_calibrated,,"

**Sugira temas para uma conversa em grupo**

*   **Sugira temas para uma conversa",46.25,6,0.38235294117647056,0.125,0.2727272727272727,0.2
general_008,general,general,general,adaptive_guarded_v3,,"

**Sugira temas para uma conversa em grupo**

*   **Sugira temas para uma conversa",46.25,6,0.38235294117647056,0.125,0.2727272727272727,0.2
general_008,general,general,general,speculative_adaptive,,"

**Sugira temas para uma conversa em grupo**

*   **Sugira temas para uma conversa",26.875000000000004,8,0.38235294117647056,0.125,0.2727272727272727,0.2
general_008,general,general,general,hybrid,adaptive_calibrated,"

**Sugira temas para uma conversa em grupo**

*   **Sugira temas para uma conversa",46.25,6,0.38235294117647056,0.125,0.2727272727272727,0.2
general_009,general,general,general,adaptive_calibrated,,"

**1. Início**

Então, você pode começar com a seção de uma semana, com",24.375000000000004,13,0.5540540540540541,0.21052631578947367,0.0,0.0
general_009,general,general,general,adaptive_guarded_v3,,"

**1. Início**

Então, você deve entender o que está aqui:

- A sem",21.250000000000004,14,0.4583333333333333,0.21052631578947367,0.0,0.0
general_009,general,general,general,speculative_adaptive,,"

**1. Início**

Então, ainda não há alguma coisa que pode ser feita.
",-4.218749999999982,12,0.5205479452054794,0.15,0.0,0.0
general_009,general,general,general,hybrid,adaptive_calibrated,"

**1. Início**

Então, você pode começar com a seção de uma semana, com",24.375000000000004,13,0.5540540540540541,0.21052631578947367,0.0,0.0
general_010,general,general,general,adaptive_calibrated,,"

Para ajudar a melhorar a concentração, você pode usar as seguintes habilidades:",43.125,7,0.8805031446540881,0.6923076923076923,0.0,0.0
general_010,general,general,general,adaptive_guarded_v3,,"

Para ajudar a melhorar a concentração, você pode usar as seguintes habilidades:",43.125,7,0.8805031446540881,0.6923076923076923,0.0,0.0
general_010,general,general,general,speculative_adaptive,,"

Para ajudar a melhorar a concentração, você pode usar as seguintes habilidades:",36.40624999999999,6,0.8805031446540881,0.6923076923076923,0.0,0.0
general_010,general,general,general,hybrid,adaptive_calibrated,"

Para ajudar a melhorar a concentração, você pode usar as seguintes habilidades:",43.125,7,0.8805031446540881,0.6923076923076923,0.0,0.0
