task_id,category,difficulty,mode,selected_mode,passed,score,total_time_seconds,total_time_seconds_avg,total_time_seconds_std,total_time_seconds_min,total_time_seconds_max,expensive_only_seconds,expensive_only_seconds_avg,real_speedup_vs_expensive_percent,real_speedup_vs_expensive_percent_avg,real_speedup_vs_expensive_percent_std,generated_tokens,tokens_per_second,tokens_per_second_avg,tokens_per_second_std,estimated_saved_percent,expensive_model_calls,cheap_model_name,expensive_model_name,device,torch_dtype,prompt_format,failure_reason,generated_text
math_011,math,hard,expensive_only,,True,1.0,1.6538878999999724,1.6538878999999724,0.0,1.6538878999999724,1.6538878999999724,1.6538878999999724,1.6538878999999724,0.0,0.0,0.0,32,19.348348820981478,19.348348820981478,0.0,0.0,32,HuggingFaceTB/SmolLM2-135M-Instruct,HuggingFaceTB/SmolLM2-360M-Instruct,cuda,float16,auto,,The inverse of g(x) = 3x - 6 is g^(-1)(x) = (x + 6)/3.
math_011,math,hard,cheap_only,,False,0.0,1.030967700004112,1.030967700004112,0.0,1.030967700004112,1.030967700004112,1.6538878999999724,1.6538878999999724,37.66399161611079,37.66399161611079,0.0,24,23.279099820396194,23.279099820396194,0.0,65.00000000000001,0,HuggingFaceTB/SmolLM2-135M-Instruct,HuggingFaceTB/SmolLM2-360M-Instruct,cuda,float16,auto,expected_answer_not_found,The inverse of g(x) is g^(-1)(x) = 3x - 6.
math_011,math,hard,adaptive_calibrated,,False,0.0,1.1987290999968536,1.1987290999968536,0.0,1.1987290999968536,1.1987290999968536,1.6538878999999724,1.6538878999999724,27.52053509812402,27.52053509812402,0.0,24,20.02120412365312,20.02120412365312,0.0,56.66666666666668,2,HuggingFaceTB/SmolLM2-135M-Instruct,HuggingFaceTB/SmolLM2-360M-Instruct,cuda,float16,auto,expected_answer_not_found,The inverse of g(x) is g^(-1)(x) = 3x - 6.
math_011,math,hard,hybrid,adaptive_calibrated,False,0.0,1.1796238999813795,1.1796238999813795,0.0,1.1796238999813795,1.1796238999813795,1.6538878999999724,1.6538878999999724,28.675704079980324,28.675704079980324,0.0,24,20.34546773796194,20.34546773796194,0.0,56.66666666666668,2,HuggingFaceTB/SmolLM2-135M-Instruct,HuggingFaceTB/SmolLM2-360M-Instruct,cuda,float16,auto,expected_answer_not_found,The inverse of g(x) is g^(-1)(x) = 3x - 6.
math_012,math,hard,expensive_only,,False,0.0,0.40998039999976754,0.40998039999976754,0.0,0.40998039999976754,0.40998039999976754,0.40998039999976754,0.40998039999976754,0.0,0.0,0.0,10,24.391409930830037,24.391409930830037,0.0,0.0,10,HuggingFaceTB/SmolLM2-135M-Instruct,HuggingFaceTB/SmolLM2-360M-Instruct,cuda,float16,auto,expected_answer_not_found,x/2 - 3 = 5
math_012,math,hard,cheap_only,,False,0.0,3.9932651999988593,3.9932651999988593,0.0,3.9932651999988593,3.9932651999988593,0.40998039999976754,0.40998039999976754,-874.0136845569016,-874.0136845569016,0.0,112,28.04722310955756,28.04722310955756,0.0,65.00000000000001,0,HuggingFaceTB/SmolLM2-135M-Instruct,HuggingFaceTB/SmolLM2-360M-Instruct,cuda,float16,auto,expected_answer_not_found,"Solving x/2 - 3 = 5, we need to isolate the variable x. To do this, we'll first subtract 3 from both sides of the equation, which gives us x/2 - 3 = 5 - 3. This simplifies to x/2 = 2.

Next, we'll divide both sides of the equation by x, which gives us x = 2/x. This is the value of x that satisfies the equation. Therefore, the value of x is 2/x."
math_012,math,hard,adaptive_calibrated,,False,0.0,0.45117430001846515,0.45117430001846515,0.0,0.45117430001846515,0.45117430001846515,0.40998039999976754,0.40998039999976754,-10.047773020056795,-10.047773020056795,0.0,10,22.164383032434984,22.164383032434984,0.0,55.0,1,HuggingFaceTB/SmolLM2-135M-Instruct,HuggingFaceTB/SmolLM2-360M-Instruct,cuda,float16,auto,expected_answer_not_found,x/2 - 3 = 5
math_012,math,hard,hybrid,adaptive_calibrated,False,0.0,0.40717839999706484,0.40717839999706484,0.0,0.40717839999706484,0.40717839999706484,0.40998039999976754,0.40998039999976754,0.6834473069210811,0.6834473069210811,0.0,10,24.55925952867855,24.55925952867855,0.0,55.0,1,HuggingFaceTB/SmolLM2-135M-Instruct,HuggingFaceTB/SmolLM2-360M-Instruct,cuda,float16,auto,expected_answer_not_found,x/2 - 3 = 5
math_013,math,hard,expensive_only,,False,0.0,0.34019860002445057,0.34019860002445057,0.0,0.34019860002445057,0.34019860002445057,0.34019860002445057,0.34019860002445057,0.0,0.0,0.0,9,26.45513532199473,26.45513532199473,0.0,0.0,9,HuggingFaceTB/SmolLM2-135M-Instruct,HuggingFaceTB/SmolLM2-360M-Instruct,cuda,float16,auto,expected_answer_not_found,The original price was 80.
math_013,math,hard,cheap_only,,False,0.0,0.5234283000172582,0.5234283000172582,0.0,0.5234283000172582,0.5234283000172582,0.34019860002445057,0.34019860002445057,-53.859627870202466,-53.859627870202466,0.0,15,28.657220099687827,28.657220099687827,0.0,65.0,0,HuggingFaceTB/SmolLM2-135M-Instruct,HuggingFaceTB/SmolLM2-360M-Instruct,cuda,float16,auto,expected_answer_not_found,A price is 80 after a 20% discount.
math_013,math,hard,adaptive_calibrated,,False,0.0,0.7144459999981336,0.7144459999981336,0.0,0.7144459999981336,0.7144459999981336,0.34019860002445057,0.34019860002445057,-110.00850678009412,-110.00850678009412,0.0,16,22.39497456776551,22.39497456776551,0.0,58.75,1,HuggingFaceTB/SmolLM2-135M-Instruct,HuggingFaceTB/SmolLM2-360M-Instruct,cuda,float16,auto,expected_answer_not_found,The original price was 80 after a 20% discount.
math_013,math,hard,hybrid,adaptive_calibrated,False,0.0,0.6818654000235256,0.6818654000235256,0.0,0.6818654000235256,0.6818654000235256,0.34019860002445057,0.34019860002445057,-100.4315714334271,-100.4315714334271,0.0,16,23.4650416335071,23.4650416335071,0.0,58.75,1,HuggingFaceTB/SmolLM2-135M-Instruct,HuggingFaceTB/SmolLM2-360M-Instruct,cuda,float16,auto,expected_answer_not_found,The original price was 80 after a 20% discount.
math_014,math,hard,expensive_only,,True,1.0,0.25655079999705777,0.25655079999705777,0.0,0.25655079999705777,0.25655079999705777,0.25655079999705777,0.25655079999705777,0.0,0.0,0.0,7,27.28504452170985,27.28504452170985,0.0,0.0,7,HuggingFaceTB/SmolLM2-135M-Instruct,HuggingFaceTB/SmolLM2-360M-Instruct,cuda,float16,auto,,3/4 is larger.
math_014,math,hard,cheap_only,,False,0.0,0.31453590001910925,0.31453590001910925,0.0,0.31453590001910925,0.31453590001910925,0.25655079999705777,0.25655079999705777,-22.601800509963898,-22.601800509963898,0.0,9,28.613585919614312,28.613585919614312,0.0,65.0,0,HuggingFaceTB/SmolLM2-135M-Instruct,HuggingFaceTB/SmolLM2-360M-Instruct,cuda,float16,auto,expected_answer_not_found,The answer is 2/3.
math_014,math,hard,adaptive_calibrated,,True,1.0,0.5028972000000067,0.5028972000000067,0.0,0.5028972000000067,0.5028972000000067,0.25655079999705777,0.25655079999705777,-96.0224641691915,-96.0224641691915,0.0,12,23.861735559473864,23.861735559473864,0.0,56.66666666666668,1,HuggingFaceTB/SmolLM2-135M-Instruct,HuggingFaceTB/SmolLM2-360M-Instruct,cuda,float16,auto,,3/4 is larger than 2/3.
math_014,math,hard,hybrid,adaptive_calibrated,True,1.0,0.49781659999280237,0.49781659999280237,0.0,0.49781659999280237,0.49781659999280237,0.25655079999705777,0.25655079999705777,-94.04211563499764,-94.04211563499764,0.0,12,24.105262862213717,24.105262862213717,0.0,56.66666666666668,1,HuggingFaceTB/SmolLM2-135M-Instruct,HuggingFaceTB/SmolLM2-360M-Instruct,cuda,float16,auto,,3/4 is larger than 2/3.
math_015,math,hard,expensive_only,,True,1.0,0.8553991999942809,0.8553991999942809,0.0,0.8553991999942809,0.8553991999942809,0.8553991999942809,0.8553991999942809,0.0,0.0,0.0,21,24.549941127067225,24.549941127067225,0.0,0.0,21,HuggingFaceTB/SmolLM2-135M-Instruct,HuggingFaceTB/SmolLM2-360M-Instruct,cuda,float16,auto,,-2 * (-7) + 3 = 14 + 3 = 17
math_015,math,hard,cheap_only,,False,0.0,0.8653081999800634,0.8653081999800634,0.0,0.8653081999800634,0.8653081999800634,0.8553991999942809,0.8553991999942809,-1.1584065060908033,-1.1584065060908033,0.0,22,25.4244672597658,25.4244672597658,0.0,65.0,0,HuggingFaceTB/SmolLM2-135M-Instruct,HuggingFaceTB/SmolLM2-360M-Instruct,cuda,float16,auto,expected_answer_not_found,(-2) * (-7) + 3 = -15 + 3 = -18
math_015,math,hard,adaptive_calibrated,,False,0.0,0.9170690999890212,0.9170690999890212,0.0,0.9170690999890212,0.9170690999890212,0.8553991999942809,0.8553991999942809,-7.209487686585692,-7.209487686585692,0.0,22,23.989468187580822,23.989468187580822,0.0,60.45454545454545,1,HuggingFaceTB/SmolLM2-135M-Instruct,HuggingFaceTB/SmolLM2-360M-Instruct,cuda,float16,auto,expected_answer_not_found,(-2) * (-7) + 3 = -15 + 3 = -18
math_015,math,hard,hybrid,adaptive_calibrated,False,0.0,0.9704736999992747,0.9704736999992747,0.0,0.9704736999992747,0.9704736999992747,0.8553991999942809,0.8553991999942809,-13.45272476356807,-13.45272476356807,0.0,22,22.669341786404352,22.669341786404352,0.0,60.45454545454545,1,HuggingFaceTB/SmolLM2-135M-Instruct,HuggingFaceTB/SmolLM2-360M-Instruct,cuda,float16,auto,expected_answer_not_found,(-2) * (-7) + 3 = -15 + 3 = -18
logic_011,logic,hard,expensive_only,,True,1.0,1.2061294000013731,1.2061294000013731,0.0,1.2061294000013731,1.2061294000013731,1.2061294000013731,1.2061294000013731,0.0,0.0,0.0,27,22.385657790921325,22.385657790921325,0.0,0.0,27,HuggingFaceTB/SmolLM2-135M-Instruct,HuggingFaceTB/SmolLM2-360M-Instruct,cuda,float16,auto,,The user is active and flagged. The policy says allow if active and deny if flagged. Deny overrides allow.
logic_011,logic,hard,cheap_only,,True,1.0,0.48542499999166466,0.48542499999166466,0.0,0.48542499999166466,0.48542499999166466,1.2061294000013731,1.2061294000013731,59.753489137143,59.753489137143,0.0,13,26.780656126534947,26.780656126534947,0.0,64.99999999999999,0,HuggingFaceTB/SmolLM2-135M-Instruct,HuggingFaceTB/SmolLM2-360M-Instruct,cuda,float16,auto,,The policy says allow if active and deny if flagged.
logic_011,logic,hard,adaptive_calibrated,,True,1.0,0.9214393000002019,0.9214393000002019,0.0,0.9214393000002019,0.9214393000002019,1.2061294000013731,1.2061294000013731,23.603611685516256,23.603611685516256,0.0,21,22.790432316046644,22.790432316046644,0.0,55.476190476190474,2,HuggingFaceTB/SmolLM2-135M-Instruct,HuggingFaceTB/SmolLM2-360M-Instruct,cuda,float16,auto,,The user is active and flagged. The policy says allow if active and deny if flagged.
logic_011,logic,hard,hybrid,adaptive_calibrated,True,1.0,0.916464600013569,0.916464600013569,0.0,0.916464600013569,0.916464600013569,1.2061294000013731,1.2061294000013731,24.01606328371354,24.01606328371354,0.0,21,22.914142018894214,22.914142018894214,0.0,55.476190476190474,2,HuggingFaceTB/SmolLM2-135M-Instruct,HuggingFaceTB/SmolLM2-360M-Instruct,cuda,float16,auto,,The user is active and flagged. The policy says allow if active and deny if flagged.
logic_012,logic,hard,expensive_only,,False,0.0,0.5359914000146091,0.5359914000146091,0.0,0.5359914000146091,0.5359914000146091,0.5359914000146091,0.5359914000146091,0.0,0.0,0.0,14,26.11982207106012,26.11982207106012,0.0,0.0,14,HuggingFaceTB/SmolLM2-135M-Instruct,HuggingFaceTB/SmolLM2-360M-Instruct,cuda,float16,auto,inferred_allow,"Yes, the user is an admin and a legal hold exists."
logic_012,logic,hard,cheap_only,,False,0.0,2.721271499991417,2.721271499991417,0.0,2.721271499991417,2.721271499991417,0.5359914000146091,0.5359914000146091,-407.7080527630192,-407.7080527630192,0.0,67,24.62084360204828,24.62084360204828,0.0,65.0,0,HuggingFaceTB/SmolLM2-135M-Instruct,HuggingFaceTB/SmolLM2-360M-Instruct,cuda,float16,auto,inferred_unknown,"I'm sorry for any confusion, but as a helpful AI assistant, I don't have the ability to determine whether a legal hold exists or not. I'm designed to provide guidance and assistance, not to enforce or enforce a legal hold. I recommend you check with your local authorities or a legal authority for the most accurate information."
logic_012,logic,hard,adaptive_calibrated,,False,0.0,0.7107833000191022,0.7107833000191022,0.0,0.7107833000191022,0.7107833000191022,0.5359914000146091,0.5359914000146091,-32.61095233985636,-32.61095233985636,0.0,12,16.882782698577053,16.882782698577053,0.0,40.00000000000001,3,HuggingFaceTB/SmolLM2-135M-Instruct,HuggingFaceTB/SmolLM2-360M-Instruct,cuda,float16,auto,inferred_allow,"Yes, the user is allowed to access the system."
logic_012,logic,hard,hybrid,adaptive_calibrated,False,0.0,0.7596303999889642,0.7596303999889642,0.0,0.7596303999889642,0.7596303999889642,0.5359914000146091,0.5359914000146091,-41.724363481999816,-41.724363481999816,0.0,12,15.797156090875687,15.797156090875687,0.0,40.00000000000001,3,HuggingFaceTB/SmolLM2-135M-Instruct,HuggingFaceTB/SmolLM2-360M-Instruct,cuda,float16,auto,inferred_allow,"Yes, the user is allowed to access the system."
logic_013,logic,hard,expensive_only,,False,0.0,3.046723600011319,3.046723600011319,0.0,3.046723600011319,3.046723600011319,3.046723600011319,3.046723600011319,0.0,0.0,0.0,65,21.334393444734705,21.334393444734705,0.0,0.0,65,HuggingFaceTB/SmolLM2-135M-Instruct,HuggingFaceTB/SmolLM2-360M-Instruct,cuda,float16,auto,inferred_allow,"Allow: Yes, the data export is allowed.

Deny: No, the data export is not allowed.

Unknown: No, the data export is not allowed.

Depend: Yes, the data export is allowed.

Undefined: No, the data export is not allowed."
logic_013,logic,hard,cheap_only,,True,1.0,2.455301599984523,2.455301599984523,0.0,2.455301599984523,2.455301599984523,3.046723600011319,3.046723600011319,19.411737908374715,19.411737908374715,0.0,55,22.400506724040213,22.400506724040213,0.0,65.0,0,HuggingFaceTB/SmolLM2-135M-Instruct,HuggingFaceTB/SmolLM2-360M-Instruct,cuda,float16,auto,,"I'm sorry for any confusion, but as a data export AI, I'm designed to handle data export and import situations. I'm not equipped to provide guidance on data export or import policies. I recommend checking the relevant data export and import policies for your specific situation."
logic_013,logic,hard,adaptive_calibrated,,False,0.0,0.1864752000255976,0.1864752000255976,0.0,0.1864752000255976,0.1864752000255976,3.046723600011319,3.046723600011319,93.8794841768743,93.8794841768743,0.0,2,10.725286792696608,10.725286792696608,0.0,15.000000000000002,1,HuggingFaceTB/SmolLM2-135M-Instruct,HuggingFaceTB/SmolLM2-360M-Instruct,cuda,float16,auto,inferred_allow,Allow
logic_013,logic,hard,hybrid,adaptive_calibrated,False,0.0,0.15369079998345114,0.15369079998345114,0.0,0.15369079998345114,0.15369079998345114,3.046723600011319,3.046723600011319,94.95553846818005,94.95553846818005,0.0,2,13.013140670849216,13.013140670849216,0.0,15.000000000000002,1,HuggingFaceTB/SmolLM2-135M-Instruct,HuggingFaceTB/SmolLM2-360M-Instruct,cuda,float16,auto,inferred_allow,Allow
logic_014,logic,hard,expensive_only,,False,0.0,0.13683239999227226,0.13683239999227226,0.0,0.13683239999227226,0.13683239999227226,0.13683239999227226,0.13683239999227226,0.0,0.0,0.0,3,21.92463188666886,21.92463188666886,0.0,0.0,3,HuggingFaceTB/SmolLM2-135M-Instruct,HuggingFaceTB/SmolLM2-360M-Instruct,cuda,float16,auto,inferred_allow,Allow.
logic_014,logic,hard,cheap_only,,True,1.0,2.624928800010821,2.624928800010821,0.0,2.624928800010821,2.624928800010821,0.13683239999227226,0.13683239999227226,-1818.3532556317555,-1818.3532556317555,0.0,61,23.23872556076513,23.23872556076513,0.0,65.00000000000001,0,HuggingFaceTB/SmolLM2-135M-Instruct,HuggingFaceTB/SmolLM2-360M-Instruct,cuda,float16,auto,,"I'm sorry for the confusion, but as a helpful AI, I don't have the ability to determine the correct answer based on the provided information. I'm designed to provide helpful and accurate responses. I recommend checking the user's account settings or using a trusted email service to verify the email status."
logic_014,logic,hard,adaptive_calibrated,,False,0.0,0.27114979998441413,0.27114979998441413,0.0,0.27114979998441413,0.27114979998441413,0.13683239999227226,0.13683239999227226,-98.16198502673896,-98.16198502673896,0.0,3,11.063994884644732,11.063994884644732,0.0,-1.6666666666666607,2,HuggingFaceTB/SmolLM2-135M-Instruct,HuggingFaceTB/SmolLM2-360M-Instruct,cuda,float16,auto,inferred_allow,Allow.
logic_014,logic,hard,hybrid,adaptive_calibrated,False,0.0,0.26921369999763556,0.26921369999763556,0.0,0.26921369999763556,0.26921369999763556,0.13683239999227226,0.13683239999227226,-96.74704237654214,-96.74704237654214,0.0,3,11.143563644890094,11.143563644890094,0.0,-1.6666666666666607,2,HuggingFaceTB/SmolLM2-135M-Instruct,HuggingFaceTB/SmolLM2-360M-Instruct,cuda,float16,auto,inferred_allow,Allow.
logic_015,logic,hard,expensive_only,,True,1.0,1.377961400023196,1.377961400023196,0.0,1.377961400023196,1.377961400023196,1.377961400023196,1.377961400023196,0.0,0.0,0.0,28,20.319872530194722,20.319872530194722,0.0,0.0,28,HuggingFaceTB/SmolLM2-135M-Instruct,HuggingFaceTB/SmolLM2-360M-Instruct,cuda,float16,auto,,"Trial users can access reports only if billing is valid. Billing validity depends on the plan, and the plan is not specified."
logic_015,logic,hard,cheap_only,,True,1.0,4.2292199000075925,4.2292199000075925,0.0,4.2292199000075925,4.2292199000075925,1.377961400023196,1.377961400023196,-206.91860453684697,-206.91860453684697,0.0,97,22.935671895383322,22.935671895383322,0.0,65.0,0,HuggingFaceTB/SmolLM2-135M-Instruct,HuggingFaceTB/SmolLM2-360M-Instruct,cuda,float16,auto,,"Based on the information provided, I can answer the question as follows:

- Allow: The plan is not specified, so the answer is ""allow"".
- Deny: The plan is not valid, so the answer is ""deny"".
- Unknown: The plan is not valid, so the answer is ""unknown"".
- Depend: The plan is not valid, so the answer is ""depend"".

So, the answer is ""allow""."
logic_015,logic,hard,adaptive_calibrated,,True,1.0,0.7047679999959655,0.7047679999959655,0.0,0.7047679999959655,0.7047679999959655,1.377961400023196,1.377961400023196,48.85430027400609,48.85430027400609,0.0,13,18.44578641492579,18.44578641492579,0.0,57.30769230769231,1,HuggingFaceTB/SmolLM2-135M-Instruct,HuggingFaceTB/SmolLM2-360M-Instruct,cuda,float16,auto,,Trial users can access reports only if billing is valid.
logic_015,logic,hard,hybrid,adaptive_calibrated,True,1.0,0.7023250999918673,0.7023250999918673,0.0,0.7023250999918673,0.7023250999918673,1.377961400023196,1.377961400023196,49.031583905032115,49.031583905032115,0.0,13,18.50994646232996,18.50994646232996,0.0,57.30769230769231,1,HuggingFaceTB/SmolLM2-135M-Instruct,HuggingFaceTB/SmolLM2-360M-Instruct,cuda,float16,auto,,Trial users can access reports only if billing is valid.
code_011,code,hard,expensive_only,,True,1.0,1.4747371000121348,1.4747371000121348,0.0,1.4747371000121348,1.4747371000121348,1.4747371000121348,1.4747371000121348,0.0,0.0,0.0,25,16.952174051764406,16.952174051764406,0.0,0.0,25,HuggingFaceTB/SmolLM2-135M-Instruct,HuggingFaceTB/SmolLM2-360M-Instruct,cuda,float16,auto,,"```python
def remove_duplicates(values):
    return list(dict.fromkeys(values))
```"
code_011,code,hard,cheap_only,,True,1.0,2.7508171000226866,2.7508171000226866,0.0,2.7508171000226866,2.7508171000226866,1.4747371000121348,1.4747371000121348,-86.52932105661759,-86.52932105661759,0.0,62,22.538757665672744,22.538757665672744,0.0,64.99999999999999,0,HuggingFaceTB/SmolLM2-135M-Instruct,HuggingFaceTB/SmolLM2-360M-Instruct,cuda,float16,auto,,"```python
def remove_duplicates(values):
    return list(set(values))
```

This function converts the list to a set, which automatically removes duplicates, and then converts the set back to a list. The `set()` function is used to remove duplicates from the list."
code_011,code,hard,adaptive_calibrated,,False,0.6666666666666666,3.961450899980264,3.961450899980264,0.0,3.961450899980264,3.961450899980264,1.4747371000121348,1.4747371000121348,-168.6208206159367,-168.6208206159367,0.0,82,20.699486645261345,20.699486645261345,0.0,52.80487804878049,10,HuggingFaceTB/SmolLM2-135M-Instruct,HuggingFaceTB/SmolLM2-360M-Instruct,cuda,float16,auto,"remove_duplicates([""a"", ""a"", ""b""]) -> ['b', 'a'], expected ['a', 'b']","```python
def remove_duplicates(values):
    return list(set(values))
```

This function works by converting the input list to a set, which automatically removes duplicates. The `set()` function returns an unordered collection of unique elements, so we can use this to convert the list to a set. Finally, we convert the set back to a list and return it."
code_011,code,hard,hybrid,speculative_adaptive,True,1.0,4.5083598000055645,4.5083598000055645,0.0,4.5083598000055645,4.5083598000055645,1.4747371000121348,1.4747371000121348,-205.7060000706884,-205.7060000706884,0.0,74,16.41395169922078,16.41395169922078,0.0,40.33783783783784,13,HuggingFaceTB/SmolLM2-135M-Instruct,HuggingFaceTB/SmolLM2-360M-Instruct,cuda,float16,auto,,"```python
def remove_duplicates(values):
    return list(set(values))
```

This function converts the list to a set, which automatically removes duplicates, and then converts the set back to a list. The `set()` function removes duplicates by only allowing unique elements. The `list()` function converts the set back to a list."
code_012,code,hard,expensive_only,,True,1.0,2.008323799993377,2.008323799993377,0.0,2.008323799993377,2.008323799993377,2.008323799993377,2.008323799993377,0.0,0.0,0.0,41,20.415034667285827,20.415034667285827,0.0,0.0,41,HuggingFaceTB/SmolLM2-135M-Instruct,HuggingFaceTB/SmolLM2-360M-Instruct,cuda,float16,auto,,"```python
def palindrome(s):
    s = ''.join(c for c in s if c.isalnum()).lower()
    return s == s[::-1]
```"
code_012,code,hard,cheap_only,,False,0.0,5.206888699991396,5.206888699991396,0.0,5.206888699991396,5.206888699991396,2.008323799993377,2.008323799993377,-159.26539833908092,-159.26539833908092,0.0,128,24.5828185265822,24.5828185265822,0.0,65.0,0,HuggingFaceTB/SmolLM2-135M-Instruct,HuggingFaceTB/SmolLM2-360M-Instruct,cuda,float16,auto,"palindrome(""Level"") raised NameError: name 'palindrome' is not defined","Here is a Python function that checks if a string is a palindrome:

```python
def is_palindrome(s):
    s = ''.join(c for c in s if c.isalnum()).lower()
    return s == s[::-1]
```

This function works by first removing all non-alphanumeric characters from the string and converting it to lowercase. It then checks if the resulting string is equal to its reverse (`s[::-1]`). If they are equal, the function returns `True`, indicating that the string is a palindrome. Otherwise, it"
code_012,code,hard,adaptive_calibrated,,False,0.0,5.36535229999572,5.36535229999572,0.0,5.36535229999572,5.36535229999572,2.008323799993377,2.008323799993377,-167.15573952832773,-167.15573952832773,0.0,128,23.85677451229104,23.85677451229104,0.0,63.4375,2,HuggingFaceTB/SmolLM2-135M-Instruct,HuggingFaceTB/SmolLM2-360M-Instruct,cuda,float16,auto,"palindrome(""Level"") raised NameError: name 'palindrome' is not defined","Here's a Python function that checks if a string is a palindrome:

```python
def is_palindrome(s):
    s = ''.join(c for c in s if c.isalnum()).lower()
    return s == s[::-1]
```

This function works by first removing all non-alphanumeric characters from the string and converting it to lowercase. It then checks if the resulting string is equal to its reverse (`s[::-1]`). If they are equal, the function returns `True`, indicating that the string is a palindrome. Otherwise, it"
code_012,code,hard,hybrid,adaptive_calibrated,False,0.0,5.521274900005665,5.521274900005665,0.0,5.521274900005665,5.521274900005665,2.008323799993377,2.008323799993377,-174.9195572956847,-174.9195572956847,0.0,128,23.183051436158102,23.183051436158102,0.0,63.4375,2,HuggingFaceTB/SmolLM2-135M-Instruct,HuggingFaceTB/SmolLM2-360M-Instruct,cuda,float16,auto,"palindrome(""Level"") raised NameError: name 'palindrome' is not defined","Here's a Python function that checks if a string is a palindrome:

```python
def is_palindrome(s):
    s = ''.join(c for c in s if c.isalnum()).lower()
    return s == s[::-1]
```

This function works by first removing all non-alphanumeric characters from the string and converting it to lowercase. It then checks if the resulting string is equal to its reverse (`s[::-1]`). If they are equal, the function returns `True`, indicating that the string is a palindrome. Otherwise, it"
code_013,code,hard,expensive_only,,False,0.0,1.9629540000169072,1.9629540000169072,0.0,1.9629540000169072,1.9629540000169072,1.9629540000169072,1.9629540000169072,0.0,0.0,0.0,38,19.358578957873032,19.358578957873032,0.0,0.0,38,HuggingFaceTB/SmolLM2-135M-Instruct,HuggingFaceTB/SmolLM2-360M-Instruct,cuda,float16,auto,"get_initials(""Ada Lovelace"") -> ['Ada', 'Lovelace'], expected 'AL'","```python
def get_initials(name):
    return [word[0].upper() + word[1:].lower() for word in name.split()]
```"
code_013,code,hard,cheap_only,,False,0.0,5.860973400005605,5.860973400005605,0.0,5.860973400005605,5.860973400005605,1.9629540000169072,1.9629540000169072,-198.57925351053174,-198.57925351053174,0.0,128,21.839375691395833,21.839375691395833,0.0,65.0,0,HuggingFaceTB/SmolLM2-135M-Instruct,HuggingFaceTB/SmolLM2-360M-Instruct,cuda,float16,auto,"get_initials(""Ada Lovelace"") -> ['ADA', 'LOVELACE'], expected 'AL'","Here is a Python function that returns the uppercase initials for each word in a given string:

```python
def get_initials(name):
    return [word.upper() for word in name.split()]
```

You can use this function like this:

```python
print(get_initials(""Hello World""))  # Output: ['H', 'e', 'l', 'o', 'w', 'r', 'o']
```

This function splits the input string into words using the `split()` method, then uses a list comprehension to create a list of upp"
code_013,code,hard,adaptive_calibrated,,False,0.0,5.813935299986042,5.813935299986042,0.0,5.813935299986042,5.813935299986042,1.9629540000169072,1.9629540000169072,-196.18296200196062,-196.18296200196062,0.0,128,22.016068875122723,22.016068875122723,0.0,61.09375,5,HuggingFaceTB/SmolLM2-135M-Instruct,HuggingFaceTB/SmolLM2-360M-Instruct,cuda,float16,auto,"get_initials(""Ada Lovelace"") -> ['ADA', 'LOVELACE'], expected 'AL'","Here's a Python function that returns uppercase initials for each word in a given string:

```python
def get_initials(name):
    return [word.upper() for word in name.split()]
```

You can use this function like this:

```python
print(get_initials(""Hello World""))  # Output: ""HELLO WORLD""
print(get_initials(""Hello World, my name is""))  # Output: ""HELLO WORLD, MY NAME IS""
```

This function splits the input string into words using the"
code_013,code,hard,hybrid,speculative_adaptive,False,0.0,6.15609870001208,6.15609870001208,0.0,6.15609870001208,6.15609870001208,1.9629540000169072,1.9629540000169072,-213.61400725432472,-213.61400725432472,0.0,128,20.79238917981429,20.79238917981429,0.0,51.171875,17,HuggingFaceTB/SmolLM2-135M-Instruct,HuggingFaceTB/SmolLM2-360M-Instruct,cuda,float16,auto,"get_initials(""Ada Lovelace"") -> ['ADA', 'LOVELACE'], expected 'AL'","Here is a Python function that returns the uppercase initials for each word in a given string:

```python
def get_initials(name):
    return [word.upper() for word in name.split()]
```

You can use this function like this:

```python
print(get_initials(""Hello World""))  # Output: ['H', 'e', 'l', 'o', 'w', 'r', 'o']
```

This function splits the input string into words using the `split()` method, then uses a list comprehension to convert each word to upp"
code_014,code,hard,expensive_only,,True,1.0,5.625230300007388,5.625230300007388,0.0,5.625230300007388,5.625230300007388,5.625230300007388,5.625230300007388,0.0,0.0,0.0,128,22.754623930656116,22.754623930656116,0.0,0.0,128,HuggingFaceTB/SmolLM2-135M-Instruct,HuggingFaceTB/SmolLM2-360M-Instruct,cuda,float16,auto,,"Here's a Python function that implements the FizzBuzz algorithm:

```python
def fizzbuzz_value(n):
    if n == 1:
        return ""1""
    elif n == 2:
        return ""2""
    elif n % 3 == 0 and n % 5 == 0:
        return ""FizzBuzz""
    elif n % 3 == 0:
        return ""Fizz""
    elif n % 5 == 0:
        return ""Buzz""
    else:
        return str(n)
```

You can use this"
code_014,code,hard,cheap_only,,False,0.0,5.1781594999774825,5.1781594999774825,0.0,5.1781594999774825,5.1781594999774825,5.625230300007388,5.625230300007388,7.94759994145161,7.94759994145161,0.0,128,24.719207664529574,24.719207664529574,0.0,65.0,0,HuggingFaceTB/SmolLM2-135M-Instruct,HuggingFaceTB/SmolLM2-360M-Instruct,cuda,float16,auto,"fizzbuzz_value(15) -> '15 is a 15 number.', expected 'FizzBuzz'","```python
def fizzbuzz_value(n):
    if n == 1:
        return ""Fizz""
    elif n == 2:
        return ""Buzz""
    elif n == 3:
        return ""FizzBuzz""
    else:
        return f""{n} is a {n} number.""
```

You can use this function like this:

```python
print(fizzbuzz_value(10))  # Output: FizzBuzz
print(fizzbuzz_value(10))  # Output: Fizz
print"
code_014,code,hard,adaptive_calibrated,,True,1.0,5.659555000020191,5.659555000020191,0.0,5.659555000020191,5.659555000020191,5.625230300007388,5.625230300007388,-0.6101919065030659,-0.6101919065030659,0.0,128,22.616619151071657,22.616619151071657,0.0,61.875,4,HuggingFaceTB/SmolLM2-135M-Instruct,HuggingFaceTB/SmolLM2-360M-Instruct,cuda,float16,auto,,"```python
def fizzbuzz_value(n):
    if n % 3 == 0 and n % 5 == 0:
        return ""FizzBuzz""
    elif n % 3 == 0:
        return ""Fizz""
    elif n % 5 == 0:
        return ""Buzz""
    else:
        return str(n)
```

Example usage:

```python
print(fizzbuzz_value(10))  # Output: FizzBuzz
print(fizzbuzz_value(15))  # Output"
code_014,code,hard,hybrid,adaptive_calibrated,True,1.0,5.684130700014066,5.684130700014066,0.0,5.684130700014066,5.684130700014066,5.625230300007388,5.625230300007388,-1.047075352747795,-1.047075352747795,0.0,128,22.518834762135793,22.518834762135793,0.0,61.875,4,HuggingFaceTB/SmolLM2-135M-Instruct,HuggingFaceTB/SmolLM2-360M-Instruct,cuda,float16,auto,,"```python
def fizzbuzz_value(n):
    if n % 3 == 0 and n % 5 == 0:
        return ""FizzBuzz""
    elif n % 3 == 0:
        return ""Fizz""
    elif n % 5 == 0:
        return ""Buzz""
    else:
        return str(n)
```

Example usage:

```python
print(fizzbuzz_value(10))  # Output: FizzBuzz
print(fizzbuzz_value(15))  # Output"
code_015,code,hard,expensive_only,,False,0.0,1.7121884000080172,1.7121884000080172,0.0,1.7121884000080172,1.7121884000080172,1.7121884000080172,1.7121884000080172,0.0,0.0,0.0,33,19.2735799400612,19.2735799400612,0.0,0.0,33,HuggingFaceTB/SmolLM2-135M-Instruct,HuggingFaceTB/SmolLM2-360M-Instruct,cuda,float16,auto,"normalize_name(""  ada   lovelace "") raised NameError: name 're' is not defined","```python
import re

def normalize_name(name):
    return re.sub(r'\s+', ' ', name).title()
```"
code_015,code,hard,cheap_only,,False,0.0,3.5231758000154514,3.5231758000154514,0.0,3.5231758000154514,3.5231758000154514,1.7121884000080172,1.7121884000080172,-105.77033461965719,-105.77033461965719,0.0,82,23.274455960909012,23.274455960909012,0.0,65.0,0,HuggingFaceTB/SmolLM2-135M-Instruct,HuggingFaceTB/SmolLM2-360M-Instruct,cuda,float16,auto,"normalize_name(""  ada   lovelace "") -> 'ada   lovelace', expected 'Ada Lovelace'","```python
def normalize_name(name):
    return name.strip().title().strip().lower()
```

This function uses the `strip()` method to remove extra spaces and the `title()` method to capitalize the first letter of each word. The `title()` method converts the string to title case, which is a case-insensitive way to convert a string to title case."
code_015,code,hard,adaptive_calibrated,,False,0.0,3.4525606999814045,3.4525606999814045,0.0,3.4525606999814045,3.4525606999814045,1.7121884000080172,1.7121884000080172,-101.64607469395528,-101.64607469395528,0.0,71,20.564446557125674,20.564446557125674,0.0,56.549295774647895,6,HuggingFaceTB/SmolLM2-135M-Instruct,HuggingFaceTB/SmolLM2-360M-Instruct,cuda,float16,auto,"normalize_name(""  ada   lovelace "") -> 'AdaLovelace', expected 'Ada Lovelace'","```python
def normalize_name(name):
    return name.strip().title().replace("" "", """")
```

This function uses the `strip()` method to remove extra spaces from the input string, and the `title()` method to capitalize each word. The `replace()` method is used to replace any spaces with a single space."
code_015,code,hard,hybrid,adaptive_calibrated,False,0.0,3.434591299999738,3.434591299999738,0.0,3.434591299999738,3.434591299999738,1.7121884000080172,1.7121884000080172,-100.5965757029808,-100.5965757029808,0.0,71,20.672037456102977,20.672037456102977,0.0,56.549295774647895,6,HuggingFaceTB/SmolLM2-135M-Instruct,HuggingFaceTB/SmolLM2-360M-Instruct,cuda,float16,auto,"normalize_name(""  ada   lovelace "") -> 'AdaLovelace', expected 'Ada Lovelace'","```python
def normalize_name(name):
    return name.strip().title().replace("" "", """")
```

This function uses the `strip()` method to remove extra spaces from the input string, and the `title()` method to capitalize each word. The `replace()` method is used to replace any spaces with a single space."
