prompt_name,mode,cheap_model_name,expensive_model_name,selected_mode,prompt_type,run_index,device,torch_dtype,total_time_seconds,route_time_seconds,generation_time_seconds,overhead_time_seconds,generated_tokens,tokens_per_second,estimated_saved_percent,expensive_model_calls,cheap_accepted_tokens,acceptance_rate,memory_peak_bytes,memory_peak_mb,generated_text
easy,cheap_only,Qwen/Qwen2.5-0.5B-Instruct,Qwen/Qwen2.5-1.5B-Instruct,,,0,cuda,float16,1.0561166999978013,0.0,1.0561156999901868,1.00000761449337e-06,32,30.29968184393507,65.0,0,32,1.0,4119617024,3928.77294921875, A água é um elemento fundamental que é presente em todas as formas de vida e é responsável por muitas coisas importantes. Ela é um meio vital para
easy,expensive_only,Qwen/Qwen2.5-0.5B-Instruct,Qwen/Qwen2.5-1.5B-Instruct,,,0,cuda,float16,1.468886399990879,0.0,1.4688854999985779,8.999923011288047e-07,32,21.785210891869312,0.0,32,,,4120984064,3930.07666015625," A água é um líquido incolor e inodoro que é a principal substância de vida na Terra, presente em todos os organismos vivos"
easy,adaptive_calibrated,Qwen/Qwen2.5-0.5B-Instruct,Qwen/Qwen2.5-1.5B-Instruct,,,0,cuda,float16,1.6815516999922693,0.0,1.6815513000037754,3.9998849388211966e-07,32,19.0300423116025,40.0,8,24,0.75,4121535488,3930.6025390625," A água é um elemento fundamental da vida, sendo indispensável para a existência de todos os seres vivos. É um líquido transparente e"
easy,adaptive_guarded_v3,Qwen/Qwen2.5-0.5B-Instruct,Qwen/Qwen2.5-1.5B-Instruct,,,0,cuda,float16,1.7870532000088133,0.0,1.7870524000027217,8.00006091594696e-07,32,17.906573794133372,40.0,8,24,0.75,4121535488,3930.6025390625," A água é um elemento fundamental da vida, sendo indispensável para a existência de todos os seres vivos. É um líquido transparente e"
easy,speculative_adaptive,Qwen/Qwen2.5-0.5B-Instruct,Qwen/Qwen2.5-1.5B-Instruct,,,0,cuda,float16,1.8517825000017183,0.0,1.8517818999971496,6.00004568696022e-07,32,17.280647160220116,34.21875000000001,6,27,0.84375,4158208512,3965.57666015625," A água é um elemento fundamental que constitui a maioria dos organismos vivos, sendo essencial para a vida na Terra. É um fluido in"
easy,hybrid,Qwen/Qwen2.5-0.5B-Instruct,Qwen/Qwen2.5-1.5B-Instruct,speculative_adaptive,general,0,cuda,float16,1.739583100003074,8.440000237897038e-05,1.7394971000030637,1.5999976312741637e-06,32,18.395212048187553,34.21875000000001,6,27,0.84375,4158208512,3965.57666015625," A água é um elemento fundamental que constitui a maioria dos organismos vivos, sendo essencial para a vida na Terra. É um fluido in"
easy,hybrid,Qwen/Qwen2.5-0.5B-Instruct,Qwen/Qwen2.5-1.5B-Instruct,speculative_adaptive,general,1,cuda,float16,1.7498677000112366,5.800000508315861e-05,1.7498083999962546,1.300009898841381e-06,32,18.287096790114198,34.21875000000001,6,27,0.84375,4158208512,3965.57666015625," A água é um elemento fundamental que constitui a maioria dos organismos vivos, sendo essencial para a vida na Terra. É um fluido in"
easy,speculative_adaptive,Qwen/Qwen2.5-0.5B-Instruct,Qwen/Qwen2.5-1.5B-Instruct,,,1,cuda,float16,1.6013240000029327,0.0,1.6013234999991255,5.00003807246685e-07,32,19.983463683765056,34.21875000000001,6,27,0.84375,4158208512,3965.57666015625," A água é um elemento fundamental que constitui a maioria dos organismos vivos, sendo essencial para a vida na Terra. É um fluido in"
easy,adaptive_guarded_v3,Qwen/Qwen2.5-0.5B-Instruct,Qwen/Qwen2.5-1.5B-Instruct,,,1,cuda,float16,1.4746734000073047,0.0,1.4746729000034975,5.00003807246685e-07,32,21.69972008706571,40.0,8,24,0.75,4121535488,3930.6025390625," A água é um elemento fundamental da vida, sendo indispensável para a existência de todos os seres vivos. É um líquido transparente e"
easy,adaptive_calibrated,Qwen/Qwen2.5-0.5B-Instruct,Qwen/Qwen2.5-1.5B-Instruct,,,1,cuda,float16,1.3976829000021098,0.0,1.3976822999975411,6.00004568696022e-07,32,22.895035776678455,40.0,8,24,0.75,4121535488,3930.6025390625," A água é um elemento fundamental da vida, sendo indispensável para a existência de todos os seres vivos. É um líquido transparente e"
easy,expensive_only,Qwen/Qwen2.5-0.5B-Instruct,Qwen/Qwen2.5-1.5B-Instruct,,,1,cuda,float16,1.315098899998702,0.0,1.3150983000086853,5.999900167807937e-07,32,24.332770714074496,0.0,32,,,4120984064,3930.07666015625," A água é um líquido incolor e inodoro que é a principal substância de vida na Terra, presente em todos os organismos vivos"
easy,cheap_only,Qwen/Qwen2.5-0.5B-Instruct,Qwen/Qwen2.5-1.5B-Instruct,,,1,cuda,float16,1.0310688000026857,0.0,1.03106839999964,4.00003045797348e-07,32,31.035756294746427,65.0,0,32,1.0,4119617024,3928.77294921875, A água é um elemento fundamental que é presente em todas as formas de vida e é responsável por muitas coisas importantes. Ela é um meio vital para
easy,cheap_only,Qwen/Qwen2.5-0.5B-Instruct,Qwen/Qwen2.5-1.5B-Instruct,,,2,cuda,float16,1.0837063000071794,0.0,1.0837058000033721,5.00003807246685e-07,32,29.528295627503507,65.0,0,32,1.0,4119617024,3928.77294921875, A água é um elemento fundamental que é presente em todas as formas de vida e é responsável por muitas coisas importantes. Ela é um meio vital para
easy,expensive_only,Qwen/Qwen2.5-0.5B-Instruct,Qwen/Qwen2.5-1.5B-Instruct,,,2,cuda,float16,1.2972948999959044,0.0,1.2972942999913357,6.00004568696022e-07,32,24.666712248773216,0.0,32,,,4120984064,3930.07666015625," A água é um líquido incolor e inodoro que é a principal substância de vida na Terra, presente em todos os organismos vivos"
easy,adaptive_calibrated,Qwen/Qwen2.5-0.5B-Instruct,Qwen/Qwen2.5-1.5B-Instruct,,,2,cuda,float16,1.4512163999897894,0.0,1.4512157999997726,5.999900167807937e-07,32,22.050467456283673,40.0,8,24,0.75,4121535488,3930.6025390625," A água é um elemento fundamental da vida, sendo indispensável para a existência de todos os seres vivos. É um líquido transparente e"
easy,adaptive_guarded_v3,Qwen/Qwen2.5-0.5B-Instruct,Qwen/Qwen2.5-1.5B-Instruct,,,2,cuda,float16,1.4359972999955062,0.0,1.4359968000062509,4.999892553314567e-07,32,22.28416446193885,40.0,8,24,0.75,4121535488,3930.6025390625," A água é um elemento fundamental da vida, sendo indispensável para a existência de todos os seres vivos. É um líquido transparente e"
easy,speculative_adaptive,Qwen/Qwen2.5-0.5B-Instruct,Qwen/Qwen2.5-1.5B-Instruct,,,2,cuda,float16,1.6692984999972396,0.0,1.6692979999934323,5.00003807246685e-07,32,19.169729080840195,34.21875000000001,6,27,0.84375,4158208512,3965.57666015625," A água é um elemento fundamental que constitui a maioria dos organismos vivos, sendo essencial para a vida na Terra. É um fluido in"
easy,hybrid,Qwen/Qwen2.5-0.5B-Instruct,Qwen/Qwen2.5-1.5B-Instruct,speculative_adaptive,general,2,cuda,float16,1.69053829999757,6.150000263005495e-05,1.6904763000056846,4.999892553314567e-07,32,18.928882001694962,34.21875000000001,6,27,0.84375,4158208512,3965.57666015625," A água é um elemento fundamental que constitui a maioria dos organismos vivos, sendo essencial para a vida na Terra. É um fluido in"
easy,hybrid,Qwen/Qwen2.5-0.5B-Instruct,Qwen/Qwen2.5-1.5B-Instruct,speculative_adaptive,general,3,cuda,float16,1.756071299998439,5.699999746866524e-05,1.75601359999564,7.00005330145359e-07,32,18.222494724461612,34.21875000000001,6,27,0.84375,4158208512,3965.57666015625," A água é um elemento fundamental que constitui a maioria dos organismos vivos, sendo essencial para a vida na Terra. É um fluido in"
easy,speculative_adaptive,Qwen/Qwen2.5-0.5B-Instruct,Qwen/Qwen2.5-1.5B-Instruct,,,3,cuda,float16,1.9328733000002103,0.0,1.9328726999956416,6.00004568696022e-07,32,16.555663529521837,34.21875000000001,6,27,0.84375,4158208512,3965.57666015625," A água é um elemento fundamental que constitui a maioria dos organismos vivos, sendo essencial para a vida na Terra. É um fluido in"
easy,adaptive_guarded_v3,Qwen/Qwen2.5-0.5B-Instruct,Qwen/Qwen2.5-1.5B-Instruct,,,3,cuda,float16,1.4367497000057483,0.0,1.4367491000011796,6.00004568696022e-07,32,22.27249464528997,40.0,8,24,0.75,4121535488,3930.6025390625," A água é um elemento fundamental da vida, sendo indispensável para a existência de todos os seres vivos. É um líquido transparente e"
easy,adaptive_calibrated,Qwen/Qwen2.5-0.5B-Instruct,Qwen/Qwen2.5-1.5B-Instruct,,,3,cuda,float16,1.4271393999952124,0.0,1.4271384000021499,9.999930625781417e-07,32,22.42247673920806,40.0,8,24,0.75,4121535488,3930.6025390625," A água é um elemento fundamental da vida, sendo indispensável para a existência de todos os seres vivos. É um líquido transparente e"
easy,expensive_only,Qwen/Qwen2.5-0.5B-Instruct,Qwen/Qwen2.5-1.5B-Instruct,,,3,cuda,float16,1.3510600000008708,0.0,1.3510592999955406,7.00005330145359e-07,32,23.685106508948067,0.0,32,,,4120984064,3930.07666015625," A água é um líquido incolor e inodoro que é a principal substância de vida na Terra, presente em todos os organismos vivos"
easy,cheap_only,Qwen/Qwen2.5-0.5B-Instruct,Qwen/Qwen2.5-1.5B-Instruct,,,3,cuda,float16,0.9963572999986354,0.0,0.9963566999940667,6.00004568696022e-07,32,32.116992568874466,65.0,0,32,1.0,4119617024,3928.77294921875, A água é um elemento fundamental que é presente em todas as formas de vida e é responsável por muitas coisas importantes. Ela é um meio vital para
easy,cheap_only,Qwen/Qwen2.5-0.5B-Instruct,Qwen/Qwen2.5-1.5B-Instruct,,,4,cuda,float16,1.0459556999994675,0.0,1.0459551999956602,5.00003807246685e-07,32,30.59402993837721,65.0,0,32,1.0,4119617024,3928.77294921875, A água é um elemento fundamental que é presente em todas as formas de vida e é responsável por muitas coisas importantes. Ela é um meio vital para
easy,expensive_only,Qwen/Qwen2.5-0.5B-Instruct,Qwen/Qwen2.5-1.5B-Instruct,,,4,cuda,float16,1.3036227999982657,0.0,1.3036221000074875,6.999907782301307e-07,32,24.546977852828725,0.0,32,,,4120984064,3930.07666015625," A água é um líquido incolor e inodoro que é a principal substância de vida na Terra, presente em todos os organismos vivos"
easy,adaptive_calibrated,Qwen/Qwen2.5-0.5B-Instruct,Qwen/Qwen2.5-1.5B-Instruct,,,4,cuda,float16,1.4717533999937586,0.0,1.4717529000045033,4.999892553314567e-07,32,21.7427729401785,40.0,8,24,0.75,4121535488,3930.6025390625," A água é um elemento fundamental da vida, sendo indispensável para a existência de todos os seres vivos. É um líquido transparente e"
easy,adaptive_guarded_v3,Qwen/Qwen2.5-0.5B-Instruct,Qwen/Qwen2.5-1.5B-Instruct,,,4,cuda,float16,1.2455805000063265,0.0,1.2455800000025192,5.00003807246685e-07,32,25.690832507282725,40.0,8,24,0.75,4121535488,3930.6025390625," A água é um elemento fundamental da vida, sendo indispensável para a existência de todos os seres vivos. É um líquido transparente e"
easy,speculative_adaptive,Qwen/Qwen2.5-0.5B-Instruct,Qwen/Qwen2.5-1.5B-Instruct,,,4,cuda,float16,1.6864382000057958,0.0,1.68643780000275,4.00003045797348e-07,32,18.97490225250473,34.21875000000001,6,27,0.84375,4158208512,3965.57666015625," A água é um elemento fundamental que constitui a maioria dos organismos vivos, sendo essencial para a vida na Terra. É um fluido in"
easy,hybrid,Qwen/Qwen2.5-0.5B-Instruct,Qwen/Qwen2.5-1.5B-Instruct,speculative_adaptive,general,4,cuda,float16,2.2414477999991504,7.219999679364264e-05,2.241374499993981,1.100008375942707e-06,32,14.276486831418572,34.21875000000001,6,27,0.84375,4158208512,3965.57666015625," A água é um elemento fundamental que constitui a maioria dos organismos vivos, sendo essencial para a vida na Terra. É um fluido in"
math,cheap_only,Qwen/Qwen2.5-0.5B-Instruct,Qwen/Qwen2.5-1.5B-Instruct,,,0,cuda,float16,1.0605101999972248,0.0,1.0605094000056852,7.999915396794677e-07,32,30.174155797920413,65.0,0,32,1.0,4128408064,3937.15673828125," A inversa de uma função é a função que, quando passada a sua inversa, resulta em o ponto de origem. Para encontrar a invers"
math,expensive_only,Qwen/Qwen2.5-0.5B-Instruct,Qwen/Qwen2.5-1.5B-Instruct,,,0,cuda,float16,1.3031541000091238,0.0,1.3031533000030322,8.00006091594696e-07,32,24.555806561768833,0.0,32,,,4130217984,3938.8828125, - Brainly.com\nprofile\nprofile\njessicahernandez123\n01/10/2020\nMathematics
math,adaptive_calibrated,Qwen/Qwen2.5-0.5B-Instruct,Qwen/Qwen2.5-1.5B-Instruct,,,0,cuda,float16,1.6251493000017945,0.0,1.6251486999972258,6.00004568696022e-07,32,19.69049858986166,36.875,9,23,0.71875,4131020800,3939.6484375, - YouTube\n0:00 / 1:10\n#f\n#f(x)\n#f(x)=5x+1\n#
math,adaptive_guarded_v3,Qwen/Qwen2.5-0.5B-Instruct,Qwen/Qwen2.5-1.5B-Instruct,,,0,cuda,float16,1.5108115000039106,0.0,1.5108107999985805,7.00005330145359e-07,32,21.18067012325308,36.875,9,23,0.71875,4131020800,3939.6484375, - YouTube\n0:00 / 1:10\n#f\n#f(x)\n#f(x)=5x+1\n#
math,speculative_adaptive,Qwen/Qwen2.5-0.5B-Instruct,Qwen/Qwen2.5-1.5B-Instruct,,,0,cuda,float16,1.7286493999999948,0.0,1.7286488999961875,5.00003807246685e-07,32,18.511561685093632,35.3125,6,30,0.9375,4178590208,3985.01416015625, - YouTube\n0:00 / 1:00\n#f(x) #f(x) #f(x) #f(x) #f
math,hybrid,Qwen/Qwen2.5-0.5B-Instruct,Qwen/Qwen2.5-1.5B-Instruct,adaptive_calibrated,math_symbolic_dense,0,cuda,float16,1.5742825000052107,6.44999963697046e-05,1.574217300003511,7.00005330145359e-07,32,20.326720267737258,36.875,9,23,0.71875,4131020800,3939.6484375, - YouTube\n0:00 / 1:10\n#f\n#f(x)\n#f(x)=5x+1\n#
math,hybrid,Qwen/Qwen2.5-0.5B-Instruct,Qwen/Qwen2.5-1.5B-Instruct,adaptive_calibrated,math_symbolic_dense,1,cuda,float16,1.481198499997845,7.96000094851479e-05,1.4811181999975815,6.999907782301307e-07,32,21.60412665827474,36.875,9,23,0.71875,4131020800,3939.6484375, - YouTube\n0:00 / 1:10\n#f\n#f(x)\n#f(x)=5x+1\n#
math,speculative_adaptive,Qwen/Qwen2.5-0.5B-Instruct,Qwen/Qwen2.5-1.5B-Instruct,,,1,cuda,float16,1.646611500007566,0.0,1.6466110000037588,5.00003807246685e-07,32,19.433849453773984,35.3125,6,30,0.9375,4178590208,3985.01416015625, - YouTube\n0:00 / 1:00\n#f(x) #f(x) #f(x) #f(x) #f
math,adaptive_guarded_v3,Qwen/Qwen2.5-0.5B-Instruct,Qwen/Qwen2.5-1.5B-Instruct,,,1,cuda,float16,1.5500766999903135,0.0,1.5500759999995353,6.999907782301307e-07,32,20.64413973850453,36.875,9,23,0.71875,4131020800,3939.6484375, - YouTube\n0:00 / 1:10\n#f\n#f(x)\n#f(x)=5x+1\n#
math,adaptive_calibrated,Qwen/Qwen2.5-0.5B-Instruct,Qwen/Qwen2.5-1.5B-Instruct,,,1,cuda,float16,1.607082900009118,0.0,1.6070822000037879,7.00005330145359e-07,32,19.91185395589639,36.875,9,23,0.71875,4131020800,3939.6484375, - YouTube\n0:00 / 1:10\n#f\n#f(x)\n#f(x)=5x+1\n#
math,expensive_only,Qwen/Qwen2.5-0.5B-Instruct,Qwen/Qwen2.5-1.5B-Instruct,,,1,cuda,float16,1.345200499999919,0.0,1.3451997999945888,7.00005330145359e-07,32,23.788275428088177,0.0,32,,,4130217984,3938.8828125, - Brainly.com\nprofile\nprofile\njessicahernandez123\n01/10/2020\nMathematics
math,cheap_only,Qwen/Qwen2.5-0.5B-Instruct,Qwen/Qwen2.5-1.5B-Instruct,,,1,cuda,float16,1.1256739999953425,0.0,1.1256735999922967,4.00003045797348e-07,32,28.42741326541468,65.0,0,32,1.0,4128408064,3937.15673828125," A inversa de uma função é a função que, quando passada a sua inversa, resulta em o ponto de origem. Para encontrar a invers"
math,cheap_only,Qwen/Qwen2.5-0.5B-Instruct,Qwen/Qwen2.5-1.5B-Instruct,,,2,cuda,float16,1.0668984999938402,0.0,1.066897999990033,5.00003807246685e-07,32,29.993481104514398,65.0,0,32,1.0,4128408064,3937.15673828125," A inversa de uma função é a função que, quando passada a sua inversa, resulta em o ponto de origem. Para encontrar a invers"
math,expensive_only,Qwen/Qwen2.5-0.5B-Instruct,Qwen/Qwen2.5-1.5B-Instruct,,,2,cuda,float16,1.2731368000095244,0.0,1.2731361000041943,7.00005330145359e-07,32,25.134769491982798,0.0,32,,,4130217984,3938.8828125, - Brainly.com\nprofile\nprofile\njessicahernandez123\n01/10/2020\nMathematics
math,adaptive_calibrated,Qwen/Qwen2.5-0.5B-Instruct,Qwen/Qwen2.5-1.5B-Instruct,,,2,cuda,float16,1.4516220999939833,0.0,1.451621400003205,6.999907782301307e-07,32,22.044304781618187,36.875,9,23,0.71875,4131020800,3939.6484375, - YouTube\n0:00 / 1:10\n#f\n#f(x)\n#f(x)=5x+1\n#
math,adaptive_guarded_v3,Qwen/Qwen2.5-0.5B-Instruct,Qwen/Qwen2.5-1.5B-Instruct,,,2,cuda,float16,1.5962949999957345,0.0,1.5962943999911658,6.00004568696022e-07,32,20.046419991345903,36.875,9,23,0.71875,4131020800,3939.6484375, - YouTube\n0:00 / 1:10\n#f\n#f(x)\n#f(x)=5x+1\n#
math,speculative_adaptive,Qwen/Qwen2.5-0.5B-Instruct,Qwen/Qwen2.5-1.5B-Instruct,,,2,cuda,float16,1.695952699999907,0.0,1.6959521999960998,5.00003807246685e-07,32,18.86845075337405,35.3125,6,30,0.9375,4178590208,3985.01416015625, - YouTube\n0:00 / 1:00\n#f(x) #f(x) #f(x) #f(x) #f
math,hybrid,Qwen/Qwen2.5-0.5B-Instruct,Qwen/Qwen2.5-1.5B-Instruct,adaptive_calibrated,math_symbolic_dense,2,cuda,float16,1.4353120000014314,9.899999713525176e-05,1.4352120999974431,9.00006853044033e-07,32,22.294804195859914,36.875,9,23,0.71875,4131020800,3939.6484375, - YouTube\n0:00 / 1:10\n#f\n#f(x)\n#f(x)=5x+1\n#
math,hybrid,Qwen/Qwen2.5-0.5B-Instruct,Qwen/Qwen2.5-1.5B-Instruct,adaptive_calibrated,math_symbolic_dense,3,cuda,float16,1.611496099998476,0.000106100007542409,1.6113890999986324,8.999923011288047e-07,32,19.857323886809446,36.875,9,23,0.71875,4131020800,3939.6484375, - YouTube\n0:00 / 1:10\n#f\n#f(x)\n#f(x)=5x+1\n#
math,speculative_adaptive,Qwen/Qwen2.5-0.5B-Instruct,Qwen/Qwen2.5-1.5B-Instruct,,,3,cuda,float16,1.73358410000219,0.0,1.7335837999999058,3.00002284348011e-07,32,18.458867960290807,35.3125,6,30,0.9375,4178590208,3985.01416015625, - YouTube\n0:00 / 1:00\n#f(x) #f(x) #f(x) #f(x) #f
math,adaptive_guarded_v3,Qwen/Qwen2.5-0.5B-Instruct,Qwen/Qwen2.5-1.5B-Instruct,,,3,cuda,float16,1.6629777000052854,0.0,1.6629772000014782,5.00003807246685e-07,32,19.242591166374808,36.875,9,23,0.71875,4131020800,3939.6484375, - YouTube\n0:00 / 1:10\n#f\n#f(x)\n#f(x)=5x+1\n#
math,adaptive_calibrated,Qwen/Qwen2.5-0.5B-Instruct,Qwen/Qwen2.5-1.5B-Instruct,,,3,cuda,float16,1.5732595000008587,0.0,1.5732590000116033,4.999892553314567e-07,32,20.33993756273681,36.875,9,23,0.71875,4131020800,3939.6484375, - YouTube\n0:00 / 1:10\n#f\n#f(x)\n#f(x)=5x+1\n#
math,expensive_only,Qwen/Qwen2.5-0.5B-Instruct,Qwen/Qwen2.5-1.5B-Instruct,,,3,cuda,float16,1.3706326999963494,0.0,1.3706320999917807,6.00004568696022e-07,32,23.346882064089986,0.0,32,,,4130217984,3938.8828125, - Brainly.com\nprofile\nprofile\njessicahernandez123\n01/10/2020\nMathematics
math,cheap_only,Qwen/Qwen2.5-0.5B-Instruct,Qwen/Qwen2.5-1.5B-Instruct,,,3,cuda,float16,1.1525039000116521,0.0,1.1525033000070835,6.00004568696022e-07,32,27.765632723391626,65.0,0,32,1.0,4128408064,3937.15673828125," A inversa de uma função é a função que, quando passada a sua inversa, resulta em o ponto de origem. Para encontrar a invers"
math,cheap_only,Qwen/Qwen2.5-0.5B-Instruct,Qwen/Qwen2.5-1.5B-Instruct,,,4,cuda,float16,1.0529041999980109,0.0,1.0529035999934422,6.00004568696022e-07,32,30.392128742634377,65.0,0,32,1.0,4128408064,3937.15673828125," A inversa de uma função é a função que, quando passada a sua inversa, resulta em o ponto de origem. Para encontrar a invers"
math,expensive_only,Qwen/Qwen2.5-0.5B-Instruct,Qwen/Qwen2.5-1.5B-Instruct,,,4,cuda,float16,1.3486736999911955,0.0,1.3486730000004172,6.999907782301307e-07,32,23.727014177120015,0.0,32,,,4130217984,3938.8828125, - Brainly.com\nprofile\nprofile\njessicahernandez123\n01/10/2020\nMathematics
math,adaptive_calibrated,Qwen/Qwen2.5-0.5B-Instruct,Qwen/Qwen2.5-1.5B-Instruct,,,4,cuda,float16,1.340951900012442,0.0,1.3409513000078732,6.00004568696022e-07,32,23.86364492246373,36.875,9,23,0.71875,4131020800,3939.6484375, - YouTube\n0:00 / 1:10\n#f\n#f(x)\n#f(x)=5x+1\n#
math,adaptive_guarded_v3,Qwen/Qwen2.5-0.5B-Instruct,Qwen/Qwen2.5-1.5B-Instruct,,,4,cuda,float16,1.3776559000107227,0.0,1.3776552000053925,7.00005330145359e-07,32,23.227861180539303,36.875,9,23,0.71875,4131020800,3939.6484375, - YouTube\n0:00 / 1:10\n#f\n#f(x)\n#f(x)=5x+1\n#
math,speculative_adaptive,Qwen/Qwen2.5-0.5B-Instruct,Qwen/Qwen2.5-1.5B-Instruct,,,4,cuda,float16,1.7158659999986412,0.0,1.715865499994834,5.00003807246685e-07,32,18.649474959015063,35.3125,6,30,0.9375,4178590208,3985.01416015625, - YouTube\n0:00 / 1:00\n#f(x) #f(x) #f(x) #f(x) #f
math,hybrid,Qwen/Qwen2.5-0.5B-Instruct,Qwen/Qwen2.5-1.5B-Instruct,adaptive_calibrated,math_symbolic_dense,4,cuda,float16,1.5085298000049079,6.240000948309898e-05,1.5084668999916175,5.00003807246685e-07,32,21.212706570261915,36.875,9,23,0.71875,4131020800,3939.6484375, - YouTube\n0:00 / 1:10\n#f\n#f(x)\n#f(x)=5x+1\n#
logic_negation,cheap_only,Qwen/Qwen2.5-0.5B-Instruct,Qwen/Qwen2.5-1.5B-Instruct,,,0,cuda,float16,0.9841519000037806,0.0,0.9841513999999734,5.00003807246685e-07,32,32.5153058180115,65.0,0,32,1.0,4129638912,3938.33056640625," - 2010 - 1000 Palavras
1. O que é um alerta?
2. Como se comunicar com um"
logic_negation,expensive_only,Qwen/Qwen2.5-0.5B-Instruct,Qwen/Qwen2.5-1.5B-Instruct,,,0,cuda,float16,1.3933829000015976,0.0,1.3933823999977903,5.00003807246685e-07,32,22.965690191808232,0.0,32,,,4131550720,3940.15380859375," Se não chover e o vento parar, podemos sair; exceto se houver alerta. Se não chover e o vento par"
logic_negation,adaptive_calibrated,Qwen/Qwen2.5-0.5B-Instruct,Qwen/Qwen2.5-1.5B-Instruct,,,0,cuda,float16,1.3208941000048071,0.0,1.3208936000009999,5.00003807246685e-07,32,24.2260147879255,52.5,4,28,0.875,4128719360,3937.45361328125," Se o vento parar, então não podemos sair. Se não chover, então podemos sair. Se não chover e não houver alert"
logic_negation,adaptive_guarded_v3,Qwen/Qwen2.5-0.5B-Instruct,Qwen/Qwen2.5-1.5B-Instruct,,,0,cuda,float16,1.4211528999876464,0.0,1.4211524999991525,3.9998849388211966e-07,32,22.51692974083096,52.5,4,28,0.875,4128719360,3937.45361328125," Se o vento parar, então não podemos sair. Se não chover, então podemos sair. Se não chover e não houver alert"
logic_negation,speculative_adaptive,Qwen/Qwen2.5-0.5B-Instruct,Qwen/Qwen2.5-1.5B-Instruct,,,0,cuda,float16,1.9264928000047803,0.0,1.926492300000973,5.00003807246685e-07,32,16.610495507650274,30.156249999999996,8,28,0.875,4183781888,3989.96533203125, - O que significa? - O que significa? - O que significa? - O que significa? - O que significa? - O que significa? - O
logic_negation,hybrid,Qwen/Qwen2.5-0.5B-Instruct,Qwen/Qwen2.5-1.5B-Instruct,speculative_adaptive,logic,0,cuda,float16,1.8542498000024352,5.909999890718609e-05,1.8541901999997208,5.00003807246685e-07,32,17.257653202906088,30.156249999999996,8,28,0.875,4183781888,3989.96533203125, - O que significa? - O que significa? - O que significa? - O que significa? - O que significa? - O que significa? - O
logic_negation,hybrid,Qwen/Qwen2.5-0.5B-Instruct,Qwen/Qwen2.5-1.5B-Instruct,speculative_adaptive,logic,1,cuda,float16,1.9164201999956276,9.429999045096338e-05,1.9163251999998465,7.00005330145359e-07,32,16.697799365751315,30.156249999999996,8,28,0.875,4183781888,3989.96533203125, - O que significa? - O que significa? - O que significa? - O que significa? - O que significa? - O que significa? - O
logic_negation,speculative_adaptive,Qwen/Qwen2.5-0.5B-Instruct,Qwen/Qwen2.5-1.5B-Instruct,,,1,cuda,float16,1.8885024000046542,0.0,1.888501900000847,5.00003807246685e-07,32,16.944643543964325,30.156249999999996,8,28,0.875,4183781888,3989.96533203125, - O que significa? - O que significa? - O que significa? - O que significa? - O que significa? - O que significa? - O
logic_negation,adaptive_guarded_v3,Qwen/Qwen2.5-0.5B-Instruct,Qwen/Qwen2.5-1.5B-Instruct,,,1,cuda,float16,1.253578199990443,0.0,1.2535776000004262,5.999900167807937e-07,32,25.52692763821512,52.5,4,28,0.875,4128719360,3937.45361328125," Se o vento parar, então não podemos sair. Se não chover, então podemos sair. Se não chover e não houver alert"
logic_negation,adaptive_calibrated,Qwen/Qwen2.5-0.5B-Instruct,Qwen/Qwen2.5-1.5B-Instruct,,,1,cuda,float16,1.2701873000041815,0.0,1.2701869000011357,4.00003045797348e-07,32,25.193134902147627,52.5,4,28,0.875,4128719360,3937.45361328125," Se o vento parar, então não podemos sair. Se não chover, então podemos sair. Se não chover e não houver alert"
logic_negation,expensive_only,Qwen/Qwen2.5-0.5B-Instruct,Qwen/Qwen2.5-1.5B-Instruct,,,1,cuda,float16,1.2818074999959208,0.0,1.2818068000051426,6.999907782301307e-07,32,24.964747046730366,0.0,32,,,4131550720,3940.15380859375," Se não chover e o vento parar, podemos sair; exceto se houver alerta. Se não chover e o vento par"
logic_negation,cheap_only,Qwen/Qwen2.5-0.5B-Instruct,Qwen/Qwen2.5-1.5B-Instruct,,,1,cuda,float16,1.0481604999949923,0.0,1.0481600999919465,4.00003045797348e-07,32,30.52967556032963,65.0,0,32,1.0,4129638912,3938.33056640625," - 2010 - 1000 Palavras
1. O que é um alerta?
2. Como se comunicar com um"
logic_negation,cheap_only,Qwen/Qwen2.5-0.5B-Instruct,Qwen/Qwen2.5-1.5B-Instruct,,,2,cuda,float16,1.2425495999923442,0.0,1.2425492000038503,3.9998849388211966e-07,32,25.75349909588894,65.0,0,32,1.0,4129638912,3938.33056640625," - 2010 - 1000 Palavras
1. O que é um alerta?
2. Como se comunicar com um"
logic_negation,expensive_only,Qwen/Qwen2.5-0.5B-Instruct,Qwen/Qwen2.5-1.5B-Instruct,,,2,cuda,float16,1.3768487000052119,0.0,1.3768479999998817,7.00005330145359e-07,32,23.24147889298139,0.0,32,,,4131550720,3940.15380859375," Se não chover e o vento parar, podemos sair; exceto se houver alerta. Se não chover e o vento par"
logic_negation,adaptive_calibrated,Qwen/Qwen2.5-0.5B-Instruct,Qwen/Qwen2.5-1.5B-Instruct,,,2,cuda,float16,1.2587209999910556,0.0,1.2587201000133064,8.999777492135763e-07,32,25.42263138553134,52.5,4,28,0.875,4128719360,3937.45361328125," Se o vento parar, então não podemos sair. Se não chover, então podemos sair. Se não chover e não houver alert"
logic_negation,adaptive_guarded_v3,Qwen/Qwen2.5-0.5B-Instruct,Qwen/Qwen2.5-1.5B-Instruct,,,2,cuda,float16,1.301211099998909,0.0,1.3012105999951018,5.00003807246685e-07,32,24.592473888385083,52.5,4,28,0.875,4128719360,3937.45361328125," Se o vento parar, então não podemos sair. Se não chover, então podemos sair. Se não chover e não houver alert"
logic_negation,speculative_adaptive,Qwen/Qwen2.5-0.5B-Instruct,Qwen/Qwen2.5-1.5B-Instruct,,,2,cuda,float16,1.9103778999997303,0.0,1.9103771999944001,7.00005330145359e-07,32,16.75061253587812,30.156249999999996,8,28,0.875,4183781888,3989.96533203125, - O que significa? - O que significa? - O que significa? - O que significa? - O que significa? - O que significa? - O
logic_negation,hybrid,Qwen/Qwen2.5-0.5B-Instruct,Qwen/Qwen2.5-1.5B-Instruct,speculative_adaptive,logic,2,cuda,float16,1.769287399991299,5.980000423733145e-05,1.7692268999962835,6.999907782301307e-07,32,18.086377600472016,30.156249999999996,8,28,0.875,4183781888,3989.96533203125, - O que significa? - O que significa? - O que significa? - O que significa? - O que significa? - O que significa? - O
logic_negation,hybrid,Qwen/Qwen2.5-0.5B-Instruct,Qwen/Qwen2.5-1.5B-Instruct,speculative_adaptive,logic,3,cuda,float16,2.057864000002155,6.659999780822545e-05,2.057796799999778,6.00004568696022e-07,32,15.550104380059366,30.156249999999996,8,28,0.875,4183781888,3989.96533203125, - O que significa? - O que significa? - O que significa? - O que significa? - O que significa? - O que significa? - O
logic_negation,speculative_adaptive,Qwen/Qwen2.5-0.5B-Instruct,Qwen/Qwen2.5-1.5B-Instruct,,,3,cuda,float16,1.9116203999874415,0.0,1.9116198999981862,4.999892553314567e-07,32,16.73972510452924,30.156249999999996,8,28,0.875,4183781888,3989.96533203125, - O que significa? - O que significa? - O que significa? - O que significa? - O que significa? - O que significa? - O
logic_negation,adaptive_guarded_v3,Qwen/Qwen2.5-0.5B-Instruct,Qwen/Qwen2.5-1.5B-Instruct,,,3,cuda,float16,1.1259442000009585,0.0,1.1259436999971513,5.00003807246685e-07,32,28.42059135787791,52.5,4,28,0.875,4128719360,3937.45361328125," Se o vento parar, então não podemos sair. Se não chover, então podemos sair. Se não chover e não houver alert"
logic_negation,adaptive_calibrated,Qwen/Qwen2.5-0.5B-Instruct,Qwen/Qwen2.5-1.5B-Instruct,,,3,cuda,float16,1.156752900002175,0.0,1.1567523999983678,5.00003807246685e-07,32,27.66364363550749,52.5,4,28,0.875,4128719360,3937.45361328125," Se o vento parar, então não podemos sair. Se não chover, então podemos sair. Se não chover e não houver alert"
logic_negation,expensive_only,Qwen/Qwen2.5-0.5B-Instruct,Qwen/Qwen2.5-1.5B-Instruct,,,3,cuda,float16,1.3372250000102213,0.0,1.3372241000033682,9.00006853044033e-07,32,23.930153863228256,0.0,32,,,4131550720,3940.15380859375," Se não chover e o vento parar, podemos sair; exceto se houver alerta. Se não chover e o vento par"
logic_negation,cheap_only,Qwen/Qwen2.5-0.5B-Instruct,Qwen/Qwen2.5-1.5B-Instruct,,,3,cuda,float16,1.1999872000014875,0.0,1.1999866999976803,5.00003807246685e-07,32,26.666951114112162,65.0,0,32,1.0,4129638912,3938.33056640625," - 2010 - 1000 Palavras
1. O que é um alerta?
2. Como se comunicar com um"
logic_negation,cheap_only,Qwen/Qwen2.5-0.5B-Instruct,Qwen/Qwen2.5-1.5B-Instruct,,,4,cuda,float16,1.0441543000051752,0.0,1.0441537000006065,6.00004568696022e-07,32,30.646811491214848,65.0,0,32,1.0,4129638912,3938.33056640625," - 2010 - 1000 Palavras
1. O que é um alerta?
2. Como se comunicar com um"
logic_negation,expensive_only,Qwen/Qwen2.5-0.5B-Instruct,Qwen/Qwen2.5-1.5B-Instruct,,,4,cuda,float16,1.3364690000016708,0.0,1.3364684999978635,5.00003807246685e-07,32,23.943690426010626,0.0,32,,,4131550720,3940.15380859375," Se não chover e o vento parar, podemos sair; exceto se houver alerta. Se não chover e o vento par"
logic_negation,adaptive_calibrated,Qwen/Qwen2.5-0.5B-Instruct,Qwen/Qwen2.5-1.5B-Instruct,,,4,cuda,float16,1.2144808000011835,0.0,1.2144801999966148,6.00004568696022e-07,32,26.34870802401225,52.5,4,28,0.875,4128719360,3937.45361328125," Se o vento parar, então não podemos sair. Se não chover, então podemos sair. Se não chover e não houver alert"
logic_negation,adaptive_guarded_v3,Qwen/Qwen2.5-0.5B-Instruct,Qwen/Qwen2.5-1.5B-Instruct,,,4,cuda,float16,1.2573487000045134,0.0,1.2573482000007061,5.00003807246685e-07,32,25.450378244225433,52.5,4,28,0.875,4128719360,3937.45361328125," Se o vento parar, então não podemos sair. Se não chover, então podemos sair. Se não chover e não houver alert"
logic_negation,speculative_adaptive,Qwen/Qwen2.5-0.5B-Instruct,Qwen/Qwen2.5-1.5B-Instruct,,,4,cuda,float16,1.995180400001118,0.0,1.9951798999973107,5.00003807246685e-07,32,16.038649938613105,30.156249999999996,8,28,0.875,4183781888,3989.96533203125, - O que significa? - O que significa? - O que significa? - O que significa? - O que significa? - O que significa? - O
logic_negation,hybrid,Qwen/Qwen2.5-0.5B-Instruct,Qwen/Qwen2.5-1.5B-Instruct,speculative_adaptive,logic,4,cuda,float16,1.7251414000056684,9.309999586548656e-05,1.7250474000029499,9.00006853044033e-07,32,18.549204140538773,30.156249999999996,8,28,0.875,4183781888,3989.96533203125, - O que significa? - O que significa? - O que significa? - O que significa? - O que significa? - O que significa? - O
code,cheap_only,Qwen/Qwen2.5-0.5B-Instruct,Qwen/Qwen2.5-1.5B-Instruct,,,0,cuda,float16,1.1281966999958968,0.0,1.1281961999920895,5.00003807246685e-07,32,28.36384825457864,65.0,0,32,1.0,4137534464,3945.8603515625," 

A função deve ser capaz de lidar com números inteiros e decimais, e deve ser capaz de retornar valores de forma seg"
code,expensive_only,Qwen/Qwen2.5-0.5B-Instruct,Qwen/Qwen2.5-1.5B-Instruct,,,0,cuda,float16,1.3691500999993877,0.0,1.369149499994819,6.00004568696022e-07,32,23.372163504946833,0.0,32,,,4139821056,3948.041015625," A função deve ser chamada de ""processa_numero"".

Aqui está um exemplo de como a função ""processa_numero"" pode ser usada:

```"
code,adaptive_calibrated,Qwen/Qwen2.5-0.5B-Instruct,Qwen/Qwen2.5-1.5B-Instruct,,,0,cuda,float16,1.1539974000043003,0.0,1.153996900000493,5.00003807246685e-07,32,27.729698524347416,52.5,4,28,0.875,4128719360,3937.45361328125," A função deve ser capaz de lidar com números inteiros positivos e negativos. Além disso, a função deve ser capaz de lid"
code,adaptive_guarded_v3,Qwen/Qwen2.5-0.5B-Instruct,Qwen/Qwen2.5-1.5B-Instruct,,,0,cuda,float16,1.2972156000032555,0.0,1.2972152000002097,4.00003045797348e-07,32,24.66822014776857,52.5,4,28,0.875,4128719360,3937.45361328125," A função deve ser capaz de lidar com números inteiros positivos e negativos. Além disso, a função deve ser capaz de lid"
code,speculative_adaptive,Qwen/Qwen2.5-0.5B-Instruct,Qwen/Qwen2.5-1.5B-Instruct,,,0,cuda,float16,1.456531999996514,0.0,1.4565313000057358,6.999907782301307e-07,32,21.96999448009147,40.78125,6,31,0.96875,4200024064,4005.455078125," A função deve ser capaz de lidar com números inteiros e decimais. Além disso, a função deve ser capaz de lidar"
code,hybrid,Qwen/Qwen2.5-0.5B-Instruct,Qwen/Qwen2.5-1.5B-Instruct,adaptive_calibrated,code,0,cuda,float16,1.385791299995617,9.839999256655574e-05,1.3856920999969589,8.00006091594696e-07,32,23.091500141544554,52.5,4,28,0.875,4128719360,3937.45361328125," A função deve ser capaz de lidar com números inteiros positivos e negativos. Além disso, a função deve ser capaz de lid"
code,hybrid,Qwen/Qwen2.5-0.5B-Instruct,Qwen/Qwen2.5-1.5B-Instruct,adaptive_calibrated,code,1,cuda,float16,1.2550489000132075,9.790000331122428e-05,1.2549502000038046,8.00006091594696e-07,32,25.4970144985293,52.5,4,28,0.875,4128719360,3937.45361328125," A função deve ser capaz de lidar com números inteiros positivos e negativos. Além disso, a função deve ser capaz de lid"
code,speculative_adaptive,Qwen/Qwen2.5-0.5B-Instruct,Qwen/Qwen2.5-1.5B-Instruct,,,1,cuda,float16,1.6706326999992598,0.0,1.6706320000084816,6.999907782301307e-07,32,19.154419759660026,40.78125,6,31,0.96875,4200024064,4005.455078125," A função deve ser capaz de lidar com números inteiros e decimais. Além disso, a função deve ser capaz de lidar"
code,adaptive_guarded_v3,Qwen/Qwen2.5-0.5B-Instruct,Qwen/Qwen2.5-1.5B-Instruct,,,1,cuda,float16,1.2650152999995044,0.0,1.2650146999949357,6.00004568696022e-07,32,25.29613673448261,52.5,4,28,0.875,4128719360,3937.45361328125," A função deve ser capaz de lidar com números inteiros positivos e negativos. Além disso, a função deve ser capaz de lid"
code,adaptive_calibrated,Qwen/Qwen2.5-0.5B-Instruct,Qwen/Qwen2.5-1.5B-Instruct,,,1,cuda,float16,1.305307199989329,0.0,1.3053066000138642,5.999754648655653e-07,32,24.515301838725474,52.5,4,28,0.875,4128719360,3937.45361328125," A função deve ser capaz de lidar com números inteiros positivos e negativos. Além disso, a função deve ser capaz de lid"
code,expensive_only,Qwen/Qwen2.5-0.5B-Instruct,Qwen/Qwen2.5-1.5B-Instruct,,,1,cuda,float16,1.3578347000002395,0.0,1.3578342000109842,4.999892553314567e-07,32,23.566933441894182,0.0,32,,,4139821056,3948.041015625," A função deve ser chamada de ""processa_numero"".

Aqui está um exemplo de como a função ""processa_numero"" pode ser usada:

```"
code,cheap_only,Qwen/Qwen2.5-0.5B-Instruct,Qwen/Qwen2.5-1.5B-Instruct,,,1,cuda,float16,1.0231974000053015,0.0,1.0231969000014942,5.00003807246685e-07,32,31.27451262076526,65.0,0,32,1.0,4137534464,3945.8603515625," 

A função deve ser capaz de lidar com números inteiros e decimais, e deve ser capaz de retornar valores de forma seg"
code,cheap_only,Qwen/Qwen2.5-0.5B-Instruct,Qwen/Qwen2.5-1.5B-Instruct,,,2,cuda,float16,1.2605749999929685,0.0,1.260574199986877,8.00006091594696e-07,32,25.385240862446498,65.0,0,32,1.0,4137534464,3945.8603515625," 

A função deve ser capaz de lidar com números inteiros e decimais, e deve ser capaz de retornar valores de forma seg"
code,expensive_only,Qwen/Qwen2.5-0.5B-Instruct,Qwen/Qwen2.5-1.5B-Instruct,,,2,cuda,float16,1.3406276000023354,0.0,1.3406268999970052,7.00005330145359e-07,32,23.869417577218503,0.0,32,,,4139821056,3948.041015625," A função deve ser chamada de ""processa_numero"".

Aqui está um exemplo de como a função ""processa_numero"" pode ser usada:

```"
code,adaptive_calibrated,Qwen/Qwen2.5-0.5B-Instruct,Qwen/Qwen2.5-1.5B-Instruct,,,2,cuda,float16,1.1648832999926526,0.0,1.1648827999888454,5.00003807246685e-07,32,27.470562931241126,52.5,4,28,0.875,4128719360,3937.45361328125," A função deve ser capaz de lidar com números inteiros positivos e negativos. Além disso, a função deve ser capaz de lid"
code,adaptive_guarded_v3,Qwen/Qwen2.5-0.5B-Instruct,Qwen/Qwen2.5-1.5B-Instruct,,,2,cuda,float16,1.2088701000029687,0.0,1.2088695999991614,5.00003807246685e-07,32,26.47099965490206,52.5,4,28,0.875,4128719360,3937.45361328125," A função deve ser capaz de lidar com números inteiros positivos e negativos. Além disso, a função deve ser capaz de lid"
code,speculative_adaptive,Qwen/Qwen2.5-0.5B-Instruct,Qwen/Qwen2.5-1.5B-Instruct,,,2,cuda,float16,1.7075159999949392,0.0,1.707515499991132,5.00003807246685e-07,32,18.740673586715932,40.78125,6,31,0.96875,4200024064,4005.455078125," A função deve ser capaz de lidar com números inteiros e decimais. Além disso, a função deve ser capaz de lidar"
code,hybrid,Qwen/Qwen2.5-0.5B-Instruct,Qwen/Qwen2.5-1.5B-Instruct,adaptive_calibrated,code,2,cuda,float16,1.5600771000026725,6.200000643730164e-05,1.560014599992428,5.00003807246685e-07,32,20.51180675618223,52.5,4,28,0.875,4128719360,3937.45361328125," A função deve ser capaz de lidar com números inteiros positivos e negativos. Além disso, a função deve ser capaz de lid"
code,hybrid,Qwen/Qwen2.5-0.5B-Instruct,Qwen/Qwen2.5-1.5B-Instruct,adaptive_calibrated,code,3,cuda,float16,1.2911778999987291,5.889999738428742e-05,1.2911182999960147,7.00005330145359e-07,32,24.78357165192457,52.5,4,28,0.875,4128719360,3937.45361328125," A função deve ser capaz de lidar com números inteiros positivos e negativos. Além disso, a função deve ser capaz de lid"
code,speculative_adaptive,Qwen/Qwen2.5-0.5B-Instruct,Qwen/Qwen2.5-1.5B-Instruct,,,3,cuda,float16,1.554380499990657,0.0,1.554380100002163,3.9998849388211966e-07,32,20.586979829065243,40.78125,6,31,0.96875,4200024064,4005.455078125," A função deve ser capaz de lidar com números inteiros e decimais. Além disso, a função deve ser capaz de lidar"
code,adaptive_guarded_v3,Qwen/Qwen2.5-0.5B-Instruct,Qwen/Qwen2.5-1.5B-Instruct,,,3,cuda,float16,1.2255919000017457,0.0,1.2255913999979384,5.00003807246685e-07,32,26.109833134467046,52.5,4,28,0.875,4128719360,3937.45361328125," A função deve ser capaz de lidar com números inteiros positivos e negativos. Além disso, a função deve ser capaz de lid"
code,adaptive_calibrated,Qwen/Qwen2.5-0.5B-Instruct,Qwen/Qwen2.5-1.5B-Instruct,,,3,cuda,float16,1.2620734000083758,0.0,1.26207300000533,4.00003045797348e-07,32,25.355102167423567,52.5,4,28,0.875,4128719360,3937.45361328125," A função deve ser capaz de lidar com números inteiros positivos e negativos. Além disso, a função deve ser capaz de lid"
code,expensive_only,Qwen/Qwen2.5-0.5B-Instruct,Qwen/Qwen2.5-1.5B-Instruct,,,3,cuda,float16,1.3957470999885118,0.0,1.395746500013047,5.999754648655653e-07,32,22.92678953104283,0.0,32,,,4139821056,3948.041015625," A função deve ser chamada de ""processa_numero"".

Aqui está um exemplo de como a função ""processa_numero"" pode ser usada:

```"
code,cheap_only,Qwen/Qwen2.5-0.5B-Instruct,Qwen/Qwen2.5-1.5B-Instruct,,,3,cuda,float16,1.0365372999949614,0.0,1.036536800005706,4.999892553314567e-07,32,30.872019752840107,65.0,0,32,1.0,4137534464,3945.8603515625," 

A função deve ser capaz de lidar com números inteiros e decimais, e deve ser capaz de retornar valores de forma seg"
code,cheap_only,Qwen/Qwen2.5-0.5B-Instruct,Qwen/Qwen2.5-1.5B-Instruct,,,4,cuda,float16,1.3544019000109984,0.0,1.3544015000079526,4.00003045797348e-07,32,23.626665024421587,65.0,0,32,1.0,4137534464,3945.8603515625," 

A função deve ser capaz de lidar com números inteiros e decimais, e deve ser capaz de retornar valores de forma seg"
code,expensive_only,Qwen/Qwen2.5-0.5B-Instruct,Qwen/Qwen2.5-1.5B-Instruct,,,4,cuda,float16,1.3562452000041958,0.0,1.3562444999988656,7.00005330145359e-07,32,23.594553551158008,0.0,32,,,4139821056,3948.041015625," A função deve ser chamada de ""processa_numero"".

Aqui está um exemplo de como a função ""processa_numero"" pode ser usada:

```"
code,adaptive_calibrated,Qwen/Qwen2.5-0.5B-Instruct,Qwen/Qwen2.5-1.5B-Instruct,,,4,cuda,float16,1.2271070999995572,0.0,1.2271067000110634,3.9998849388211966e-07,32,26.077593390187005,52.5,4,28,0.875,4128719360,3937.45361328125," A função deve ser capaz de lidar com números inteiros positivos e negativos. Além disso, a função deve ser capaz de lid"
code,adaptive_guarded_v3,Qwen/Qwen2.5-0.5B-Instruct,Qwen/Qwen2.5-1.5B-Instruct,,,4,cuda,float16,1.3602183000039076,0.0,1.3602178000001004,5.00003807246685e-07,32,23.525635554166616,52.5,4,28,0.875,4128719360,3937.45361328125," A função deve ser capaz de lidar com números inteiros positivos e negativos. Além disso, a função deve ser capaz de lid"
code,speculative_adaptive,Qwen/Qwen2.5-0.5B-Instruct,Qwen/Qwen2.5-1.5B-Instruct,,,4,cuda,float16,1.564379999996163,0.0,1.564379600007669,3.9998849388211966e-07,32,20.455388077115845,40.78125,6,31,0.96875,4200024064,4005.455078125," A função deve ser capaz de lidar com números inteiros e decimais. Além disso, a função deve ser capaz de lidar"
code,hybrid,Qwen/Qwen2.5-0.5B-Instruct,Qwen/Qwen2.5-1.5B-Instruct,adaptive_calibrated,code,4,cuda,float16,1.4188967000081902,6.260001100599766e-05,1.418833600007929,4.999892553314567e-07,32,22.55273410658809,52.5,4,28,0.875,4128719360,3937.45361328125," A função deve ser capaz de lidar com números inteiros positivos e negativos. Além disso, a função deve ser capaz de lid"
long_simple,cheap_only,Qwen/Qwen2.5-0.5B-Instruct,Qwen/Qwen2.5-1.5B-Instruct,,,0,cuda,float16,1.0374755000084406,0.0,1.0374750000046333,5.00003807246685e-07,32,30.8441018604677,65.0,0,32,1.0,4142321664,3950.42578125," 

Mas, no dia seguinte, tudo mudou. A cidade estava cheia de pessoas, o clima estava quente e a temperatura estava acima"
long_simple,expensive_only,Qwen/Qwen2.5-0.5B-Instruct,Qwen/Qwen2.5-1.5B-Instruct,,,0,cuda,float16,1.4633489999978337,0.0,1.4633482999925036,7.00005330145359e-07,32,21.867647430686304,0.0,32,,,4144914432,3952.8984375," Mas, quando o sol se pôs, um homem começou a gritar. Ele gritava com voz alta, com muita determinação, e todos"
long_simple,adaptive_calibrated,Qwen/Qwen2.5-0.5B-Instruct,Qwen/Qwen2.5-1.5B-Instruct,,,0,cuda,float16,1.7831846999906702,0.0,1.7831841000006534,5.999900167807937e-07,32,17.94542090910012,21.250000000000004,14,18,0.5625,4144791552,3952.78125," Mas, quando o sol se pôs, um novo tipo de movimento começou a se formar. As pessoas começaram a se reunir em grupos"
long_simple,adaptive_guarded_v3,Qwen/Qwen2.5-0.5B-Instruct,Qwen/Qwen2.5-1.5B-Instruct,,,0,cuda,float16,1.7142923000064911,0.0,1.7142918000026839,5.00003807246685e-07,32,18.666594955760363,21.250000000000004,14,18,0.5625,4144791552,3952.78125," Mas, quando o sol se pôs, um novo tipo de movimento começou a se formar. As pessoas começaram a se reunir em grupos"
long_simple,speculative_adaptive,Qwen/Qwen2.5-0.5B-Instruct,Qwen/Qwen2.5-1.5B-Instruct,,,0,cuda,float16,2.163257699998212,0.0,2.163257199994405,5.00003807246685e-07,32,14.792504841206135,17.1875,9,27,0.84375,4215599616,4020.30908203125," Mas, quando o sol se pôs, o mundo mudou. O que antes era um dia tranquilo se tornou um dia de revolta."
long_simple,hybrid,Qwen/Qwen2.5-0.5B-Instruct,Qwen/Qwen2.5-1.5B-Instruct,adaptive_calibrated,general,0,cuda,float16,1.5611116999934893,0.00012089998926967382,1.560990199999651,6.00004568696022e-07,32,20.498212908232933,21.250000000000004,14,18,0.5625,4144791552,3952.78125," Mas, quando o sol se pôs, um novo tipo de movimento começou a se formar. As pessoas começaram a se reunir em grupos"
long_simple,hybrid,Qwen/Qwen2.5-0.5B-Instruct,Qwen/Qwen2.5-1.5B-Instruct,adaptive_calibrated,general,1,cuda,float16,1.6513768000004347,0.00012569999671541154,1.6512504999991506,6.00004568696022e-07,32,19.377770112788053,21.250000000000004,14,18,0.5625,4144791552,3952.78125," Mas, quando o sol se pôs, um novo tipo de movimento começou a se formar. As pessoas começaram a se reunir em grupos"
long_simple,speculative_adaptive,Qwen/Qwen2.5-0.5B-Instruct,Qwen/Qwen2.5-1.5B-Instruct,,,1,cuda,float16,2.0512395999976434,0.0,2.0512391999945976,4.00003045797348e-07,32,15.600322848699276,17.1875,9,27,0.84375,4215599616,4020.30908203125," Mas, quando o sol se pôs, o mundo mudou. O que antes era um dia tranquilo se tornou um dia de revolta."
long_simple,adaptive_guarded_v3,Qwen/Qwen2.5-0.5B-Instruct,Qwen/Qwen2.5-1.5B-Instruct,,,1,cuda,float16,1.7587504999974044,0.0,1.7587500999943586,4.00003045797348e-07,32,18.19473541019447,21.250000000000004,14,18,0.5625,4144791552,3952.78125," Mas, quando o sol se pôs, um novo tipo de movimento começou a se formar. As pessoas começaram a se reunir em grupos"
long_simple,adaptive_calibrated,Qwen/Qwen2.5-0.5B-Instruct,Qwen/Qwen2.5-1.5B-Instruct,,,1,cuda,float16,1.9550690000032773,0.0,1.9550682999979472,7.00005330145359e-07,32,16.36770876114672,21.250000000000004,14,18,0.5625,4144791552,3952.78125," Mas, quando o sol se pôs, um novo tipo de movimento começou a se formar. As pessoas começaram a se reunir em grupos"
long_simple,expensive_only,Qwen/Qwen2.5-0.5B-Instruct,Qwen/Qwen2.5-1.5B-Instruct,,,1,cuda,float16,1.4722091000003275,0.0,1.4722085000103107,5.999900167807937e-07,32,21.73604279445962,0.0,32,,,4144914432,3952.8984375," Mas, quando o sol se pôs, um homem começou a gritar. Ele gritava com voz alta, com muita determinação, e todos"
long_simple,cheap_only,Qwen/Qwen2.5-0.5B-Instruct,Qwen/Qwen2.5-1.5B-Instruct,,,1,cuda,float16,0.9469947999896249,0.0,0.9469943000003695,4.999892553314567e-07,32,33.79110423874618,65.0,0,32,1.0,4142321664,3950.42578125," 

Mas, no dia seguinte, tudo mudou. A cidade estava cheia de pessoas, o clima estava quente e a temperatura estava acima"
long_simple,cheap_only,Qwen/Qwen2.5-0.5B-Instruct,Qwen/Qwen2.5-1.5B-Instruct,,,2,cuda,float16,1.030939500007662,0.0,1.0309389000030933,6.00004568696022e-07,32,31.039648786143292,65.0,0,32,1.0,4142321664,3950.42578125," 

Mas, no dia seguinte, tudo mudou. A cidade estava cheia de pessoas, o clima estava quente e a temperatura estava acima"
long_simple,expensive_only,Qwen/Qwen2.5-0.5B-Instruct,Qwen/Qwen2.5-1.5B-Instruct,,,2,cuda,float16,1.3945508000033442,0.0,1.3945501999987755,6.00004568696022e-07,32,22.94645702395586,0.0,32,,,4144914432,3952.8984375," Mas, quando o sol se pôs, um homem começou a gritar. Ele gritava com voz alta, com muita determinação, e todos"
long_simple,adaptive_calibrated,Qwen/Qwen2.5-0.5B-Instruct,Qwen/Qwen2.5-1.5B-Instruct,,,2,cuda,float16,1.8105830999993486,0.0,1.8105823999940185,7.00005330145359e-07,32,17.67386429267539,21.250000000000004,14,18,0.5625,4144791552,3952.78125," Mas, quando o sol se pôs, um novo tipo de movimento começou a se formar. As pessoas começaram a se reunir em grupos"
long_simple,adaptive_guarded_v3,Qwen/Qwen2.5-0.5B-Instruct,Qwen/Qwen2.5-1.5B-Instruct,,,2,cuda,float16,1.6814122999930987,0.0,1.6814119000046048,3.9998849388211966e-07,32,19.031620025695865,21.250000000000004,14,18,0.5625,4144791552,3952.78125," Mas, quando o sol se pôs, um novo tipo de movimento começou a se formar. As pessoas começaram a se reunir em grupos"
long_simple,speculative_adaptive,Qwen/Qwen2.5-0.5B-Instruct,Qwen/Qwen2.5-1.5B-Instruct,,,2,cuda,float16,2.0516921000089496,0.0,2.051691700005904,4.00003045797348e-07,32,15.59688220267574,17.1875,9,27,0.84375,4215599616,4020.30908203125," Mas, quando o sol se pôs, o mundo mudou. O que antes era um dia tranquilo se tornou um dia de revolta."
long_simple,hybrid,Qwen/Qwen2.5-0.5B-Instruct,Qwen/Qwen2.5-1.5B-Instruct,adaptive_calibrated,general,2,cuda,float16,1.643046500001219,0.00011829999857582152,1.6429275999980746,6.00004568696022e-07,32,19.476016047005523,21.250000000000004,14,18,0.5625,4144791552,3952.78125," Mas, quando o sol se pôs, um novo tipo de movimento começou a se formar. As pessoas começaram a se reunir em grupos"
long_simple,hybrid,Qwen/Qwen2.5-0.5B-Instruct,Qwen/Qwen2.5-1.5B-Instruct,adaptive_calibrated,general,3,cuda,float16,1.7915027999988524,0.00011759999324567616,1.7913847000017995,5.00003807246685e-07,32,17.862098792153994,21.250000000000004,14,18,0.5625,4144791552,3952.78125," Mas, quando o sol se pôs, um novo tipo de movimento começou a se formar. As pessoas começaram a se reunir em grupos"
long_simple,speculative_adaptive,Qwen/Qwen2.5-0.5B-Instruct,Qwen/Qwen2.5-1.5B-Instruct,,,3,cuda,float16,1.9745633999991696,0.0,1.9745629999961238,4.00003045797348e-07,32,16.206114222523045,17.1875,9,27,0.84375,4215599616,4020.30908203125," Mas, quando o sol se pôs, o mundo mudou. O que antes era um dia tranquilo se tornou um dia de revolta."
long_simple,adaptive_guarded_v3,Qwen/Qwen2.5-0.5B-Instruct,Qwen/Qwen2.5-1.5B-Instruct,,,3,cuda,float16,1.646806500008097,0.0,1.6468060000042897,5.00003807246685e-07,32,19.431548272272828,21.250000000000004,14,18,0.5625,4144791552,3952.78125," Mas, quando o sol se pôs, um novo tipo de movimento começou a se formar. As pessoas começaram a se reunir em grupos"
long_simple,adaptive_calibrated,Qwen/Qwen2.5-0.5B-Instruct,Qwen/Qwen2.5-1.5B-Instruct,,,3,cuda,float16,1.6752770000020973,0.0,1.6752762999967672,7.00005330145359e-07,32,19.101318766962084,21.250000000000004,14,18,0.5625,4144791552,3952.78125," Mas, quando o sol se pôs, um novo tipo de movimento começou a se formar. As pessoas começaram a se reunir em grupos"
long_simple,expensive_only,Qwen/Qwen2.5-0.5B-Instruct,Qwen/Qwen2.5-1.5B-Instruct,,,3,cuda,float16,1.3322874000004958,0.0,1.3322868999966886,5.00003807246685e-07,32,24.01884158026871,0.0,32,,,4144914432,3952.8984375," Mas, quando o sol se pôs, um homem começou a gritar. Ele gritava com voz alta, com muita determinação, e todos"
long_simple,cheap_only,Qwen/Qwen2.5-0.5B-Instruct,Qwen/Qwen2.5-1.5B-Instruct,,,3,cuda,float16,1.0001781000028132,0.0,1.0001774999982445,6.00004568696022e-07,32,31.99430181475679,65.0,0,32,1.0,4142321664,3950.42578125," 

Mas, no dia seguinte, tudo mudou. A cidade estava cheia de pessoas, o clima estava quente e a temperatura estava acima"
long_simple,cheap_only,Qwen/Qwen2.5-0.5B-Instruct,Qwen/Qwen2.5-1.5B-Instruct,,,4,cuda,float16,1.024886900006095,0.0,1.0248864000022877,5.00003807246685e-07,32,31.222957381745925,65.0,0,32,1.0,4142321664,3950.42578125," 

Mas, no dia seguinte, tudo mudou. A cidade estava cheia de pessoas, o clima estava quente e a temperatura estava acima"
long_simple,expensive_only,Qwen/Qwen2.5-0.5B-Instruct,Qwen/Qwen2.5-1.5B-Instruct,,,4,cuda,float16,1.3716870000062045,0.0,1.3716863000008743,7.00005330145359e-07,32,23.328937286607847,0.0,32,,,4144914432,3952.8984375," Mas, quando o sol se pôs, um homem começou a gritar. Ele gritava com voz alta, com muita determinação, e todos"
long_simple,adaptive_calibrated,Qwen/Qwen2.5-0.5B-Instruct,Qwen/Qwen2.5-1.5B-Instruct,,,4,cuda,float16,1.7016972999990685,0.0,1.7016967999952612,5.00003807246685e-07,32,18.804754523626215,21.250000000000004,14,18,0.5625,4144791552,3952.78125," Mas, quando o sol se pôs, um novo tipo de movimento começou a se formar. As pessoas começaram a se reunir em grupos"
long_simple,adaptive_guarded_v3,Qwen/Qwen2.5-0.5B-Instruct,Qwen/Qwen2.5-1.5B-Instruct,,,4,cuda,float16,1.869011100003263,0.0,1.8690105999994557,5.00003807246685e-07,32,17.12135363987091,21.250000000000004,14,18,0.5625,4144791552,3952.78125," Mas, quando o sol se pôs, um novo tipo de movimento começou a se formar. As pessoas começaram a se reunir em grupos"
long_simple,speculative_adaptive,Qwen/Qwen2.5-0.5B-Instruct,Qwen/Qwen2.5-1.5B-Instruct,,,4,cuda,float16,2.1743890999932773,0.0,2.1743884999887086,6.00004568696022e-07,32,14.716777231866613,17.1875,9,27,0.84375,4215599616,4020.30908203125," Mas, quando o sol se pôs, o mundo mudou. O que antes era um dia tranquilo se tornou um dia de revolta."
long_simple,hybrid,Qwen/Qwen2.5-0.5B-Instruct,Qwen/Qwen2.5-1.5B-Instruct,adaptive_calibrated,general,4,cuda,float16,1.8426938999909908,0.00011549999180715531,1.8425775000068825,8.999923011288047e-07,32,17.36587937918308,21.250000000000004,14,18,0.5625,4144791552,3952.78125," Mas, quando o sol se pôs, um novo tipo de movimento começou a se formar. As pessoas começaram a se reunir em grupos"
